id,order_id,sku
78ec103c-f5c4-4294-b472-38705b5c48b1,de99d8c9-0128-4188-88f7-e44364e8161b,BEV-001
91ec32c2-a1d9-4d01-8a60-828d4b321290,3cd8c16e-ba1a-4e32-9fec-2bf03997e063,BEV-001
68034996-a9b2-4992-89ac-3a57770eaf2e,3cd8c16e-ba1a-4e32-9fec-2bf03997e063,BEV-001
018ab58c-013e-424a-b7a6-816a91d7aafa,bc68477b-4ec1-4f03-b995-7cb63a416ff7,BEV-001
60a2525a-8674-4a4b-8b67-c63432e796a1,d6287f02-006c-4d86-ba3f-bb97df240f0b,BEV-001
fe64a230-861f-4d17-b753-a0601173ec7c,d6287f02-006c-4d86-ba3f-bb97df240f0b,BEV-001
919199b4-0f92-4644-a65a-02d81da2b6d5,b8f5588c-ae9e-444a-af90-706002f0827f,BEV-001
fabe5276-ef08-4499-abc8-778f7027ce71,765493a5-6298-4d8b-873b-c043931b6a35,BEV-001
466c4edf-8a93-4f4b-a82f-d804063bab84,98225736-89cd-47dd-916f-8317a0287cc9,BEV-001
aac6dc50-a63d-409a-b4e0-9ffc17f4e664,0078b1a8-849a-419f-98a9-0952a73e4a71,BEV-001
cf3eb3d2-fbfe-48ee-8d98-84b8a8a09cb4,d68f472c-a23d-4cbf-a40a-2454b4f3227e,BEV-001
5b77f97d-08da-4ee4-b575-42260673d84f,89d08594-1b4f-4613-9bb2-ec1adf842276,BEV-001
9aa9a952-9b9a-4877-bd29-cb9b100c2027,0354793f-da46-4bc0-b2e0-ae6d83ce8fb6,BEV-001
6a184eca-aa5e-4ae0-a4fe-84d89842e4ac,aac24302-9ede-4193-9b6a-be9089559bce,BEV-001
a73623e5-70bc-459c-aa70-b16d92fbbe02,04e21f8c-187d-4f45-96aa-0075a2071160,BEV-001
4dbb2a08-f537-40ad-8230-80bd2841d187,a53ea609-19ca-49b5-914a-68409931ab23,BEV-001
2832241e-a4b9-4592-933e-439caae7c55d,d30d2222-8a07-4e01-84fb-679683b7ffe8,BEV-001
b9e42ab8-1efa-4e56-a363-868035a48161,9c1ccfc5-a24c-48ff-a5ee-485de2f54906,BEV-001
be18a5f4-1718-47f4-95c6-bd283a96ce60,2008c5a2-5009-4e02-8931-a7f4525d0e47,BEV-001
a4f1600a-3486-4f47-adc1-61974afc4065,e07f34d9-f547-454f-b31e-7892cb0010d5,BEV-001
fe33e088-bdf8-4c29-81b0-126d335426e9,f822319a-13c8-4ade-b35a-a54a831162ab,BEV-001
0be9dd95-c5d2-4d7c-a695-ab3451a76037,ded98610-a297-4978-b95d-5c3f1921482d,BEV-001
56bbb963-ab1d-4e0e-b8f2-8aaedb43e9e1,7016c6aa-d3a0-4402-a6d2-02d3b6d03201,BEV-001
a41d7300-43ba-4e3b-8a4c-9a3ef1ecad35,d39433be-2f46-428b-ae41-f9daad795685,BEV-001
ce531202-c66f-4ae6-bbe8-575416c93c43,b394cc97-c165-402d-8c9e-a6a34f18fdab,BEV-001
2e9e7ad5-66ee-4e76-8640-01b7f11da7b0,7157be03-d258-4f63-b0c7-9985a1fd7af6,BEV-001
0c2db610-6a2c-44b8-8005-5d02db317c8c,11dd2378-c12e-4d92-bb4c-3d7ee7caa1a7,BEV-001
6ba9b021-6775-45e4-a742-586bc00596f2,ca34757c-b5bb-4f8c-8c77-f5132a28e863,BEV-001
1e0678ef-326b-4ee7-b425-39535f00961e,264aabc3-ba45-449c-a463-b5f3a7890a7f,BEV-001
a118eafd-6bf7-4204-b3dc-8887b8d6c996,807156dc-f46e-4523-9431-2fc2b159bb40,BEV-001
748c7157-e8e6-47b6-a822-627bfd022ae0,2c6108a4-ac1c-4bc7-acec-865e71f8893b,BEV-001
2efdd340-a836-4161-aac1-f2e3285763ea,09c0cd3d-5550-4c41-86ea-c03f9bdc77d2,BEV-001
354b4a09-874d-403a-92b0-1b7cd64b9203,589366dc-f29b-48f9-988e-e452a9ee926c,BEV-001
ab613e8b-1ff9-4757-858a-69d948a0daab,b6198c8c-8b00-464b-b4e9-7b3bc5000a71,BEV-001
291825ab-8ba4-4e27-a06c-c01c47c5dda1,c6db0933-4afb-45f6-916f-eaa297ec3629,BEV-001
a4b3ac29-a5b6-4bd9-989d-34f5569538ee,49f313ae-2fba-49f5-be51-0dff91cfbfa1,BEV-001
4619c8a0-287d-4f8c-8482-5b2af7e43675,7af6be24-b2b1-4139-817c-7757d7c8a793,BEV-001
f46e2e5d-0d27-442b-a0e8-bd046f374197,0e3b3247-3d60-4ee5-ba7f-7baeb76e328b,BEV-001
f7fdc292-5cfd-422f-8313-71b9ce4bb370,6b509e78-8f5a-42b3-9921-63069d4b7bd1,BEV-001
0d383be1-a8cc-47a0-afbf-c576415c0a03,2176c806-5076-4ea8-9ff1-13973ead0a17,BEV-001
8802d993-fcac-4856-b523-a978252c4293,0c6aa03d-c6c4-45d0-b9e2-cfffba99c9b1,BEV-001
70a08a76-aacf-454a-98a8-a8018bd5c3ac,d6b7a0d0-5f24-4f88-a712-8849559706af,BEV-001
519968e1-57b3-43ec-b434-a4d0feeecbbd,0c8465a1-0022-486c-b4c5-0ef027ea838f,BEV-001
3ede844f-0e88-404c-b72c-06cc5e2bd14d,bf034d71-9afa-4d0c-a92d-ea329c613d18,BEV-001
9e4f6331-ff20-4aa3-9a87-b18951fbc312,3da6f4ab-3126-4ceb-9377-ab133dfcbf39,BEV-001
a5cdd3a0-1abc-494f-a93e-be7a6c077518,c4557e3e-73af-4ee8-b749-dd41f959b172,BEV-001
b6c97adb-d3ee-4f44-8bc3-440e1714e7bc,407a0c97-ff75-4b46-b4e6-0757e67c327f,BEV-001
af94a4d7-034b-40f8-8aec-dc5d5e838a70,d377ab2c-dc7f-4eb6-907b-4246e9bd6a15,BEV-001
d7c50365-4ace-4362-848e-8d4077ca1ecb,2d83cca9-eb26-4144-9660-2f4d2436c37e,BEV-001
bbdf2c86-3cf3-4b52-bb79-02c1b8a30f02,834c86cb-2afc-4cb7-8f67-5e481c622efa,BEV-001
93a162e6-46d0-4a8e-bcd9-82553835b750,15a986d1-6fbe-4324-9acb-2c30469f5575,BEV-001
9fd5a796-f00e-4a53-b06a-d02497b5701e,db050d1d-7335-4c4b-9f6c-18dfd66dec89,BEV-001
1fdc44cc-30ea-4ce5-83eb-276697665875,dbd9a188-2c52-4de1-9538-baf76a9551ff,BEV-001
1470617f-8ecd-40ad-9d3d-9ff684ddbe92,7ef45423-296e-450b-8911-28af362a83b6,BEV-001
a57ead30-6dff-4263-bb18-64c82a1737be,2ce3d3d6-2827-4a6f-b205-7e2b54a9a7e9,BEV-001
b8a8355c-8739-4031-a963-32a28a6591e8,3402b33a-c013-40af-b9d7-69352a27fcf6,BEV-001
0a295225-521f-4a39-8ba4-8fd43c2086a1,1fa6ffa7-092a-4721-9e82-57516c75fd4d,BEV-001
65aac578-d6a9-432c-b0c3-29c0cb8865a2,312079c1-ed02-4d69-b73f-eb2aa88b1c1d,BEV-001
ee12fee8-f1f2-4b2b-81eb-5b98c7ec203c,692c7c55-d9e2-48b7-8d32-dfff59093767,BEV-001
16c65262-65d9-415c-9b77-8fbf4a314e2f,53ac7d47-5548-4d3b-9fdc-d4d895fb95a8,BEV-001
e0178dc4-5b87-45ad-a6af-fd02e1bd4b2e,966bc0b0-c20d-4e5f-a765-6fcaffdbe425,BEV-001
8817caeb-e6ca-4fd1-a62a-c79ec61a05a8,791a77a6-e016-40c4-86e7-449b0c18ebf5,BEV-001
b305fa32-4429-40cb-9ca4-92a4cdf3ab38,f0c850a0-a362-4d30-bb5b-ee0ef82d6942,BEV-001
4b7e13ac-2c9c-4649-8ebb-442b02f89c86,6578b653-1f3a-4e2e-bc86-a5c29bd21973,BEV-001
6913d333-6e43-4618-9dfc-a2d3d0ac9ab0,65386642-4a0d-4d12-a7df-566dfd0f749c,BEV-001
08edafe7-e808-4f2c-be4d-9845b0ab2c75,448644b9-f261-4010-af56-74c94cb0ea43,BEV-001
f6050ffd-b319-4296-aa67-f68153a66bb9,f3ed195c-d499-4f36-9736-08a35bf373a3,BEV-001
1c6001e3-d0a3-469f-b4bb-70259fe219e6,320c7782-98a3-4ab5-93fd-f2c7f46f6165,BEV-001
997d34db-45b6-4b3a-ae2a-ed7fcf307a64,efe13b24-51b0-47d6-b58a-cc3cd90b5a5b,BEV-001
0206b2eb-68d3-4072-a3b8-e916111e2f8d,6c16f41b-a985-4dba-8d84-480b6855504c,BEV-001
a05963c2-57b4-4c2a-a08c-7236d6705488,31c83501-e015-4a61-91cb-ff3227a23a5d,BEV-001
546771da-e75b-438c-8b69-303a4bbffce5,cc8038af-ca9e-4c7c-8e1f-305807751a6e,BEV-001
80e5ce7c-66ee-4c17-b90f-d78aff362b9e,cc8038af-ca9e-4c7c-8e1f-305807751a6e,BEV-001
6e40dd8e-b71f-42a5-a31d-e50379cbadc4,01d4cb43-c02a-4c4c-94b8-5246cb539468,BEV-001
e14b925a-503f-4817-b8b0-7b210203b78f,e34fdd67-c2b8-4d3a-bd51-5aa584efd7e1,BEV-001
f45d89db-c160-47fd-a84d-ad2882f83712,2b8e5c05-15db-4b58-86cb-63efaaa4c934,BEV-001
b94efdd5-59e4-47c4-8518-6695d44f7263,8eb748f2-1712-4c29-83e0-c680fb8a7254,BEV-001
b990bfba-f6d9-4ee4-b364-c066e814be5f,8ca24d77-4e30-44f5-8c15-256d7320bab9,BEV-001
81c13dd2-dc47-4cff-93c7-46880f96835d,4b20c671-1eed-461b-ac81-83fa75c3d593,BEV-001
f316fdab-bed3-4a8f-829a-76c0563f0287,e4aa2606-0398-4d24-89b2-b52b3473ee2c,BEV-001
0661089f-501a-43fa-a7e4-dc9b5a172482,fd4ce27c-45b2-4f59-81b9-9640eb82a9a6,BEV-001
91096873-c1ac-45c2-84a5-a3dd438232ae,bd200b87-32fd-474c-8550-afe045198e36,BEV-001
96132c39-6c58-4a9f-a825-f8adf1b0e304,e20caae4-5b85-4037-a2f3-48a4d4fd0bf4,BEV-001
6815f18e-252b-4b16-8115-c40970910eb8,adca7bf3-f892-4718-a484-4c45cbb65012,BEV-001
4411ddc9-5a5d-497b-8975-9893cc5437c8,c7997d31-70ab-4d54-9d78-00b8e093bec7,BEV-001
8e460bb4-8678-4a47-93cd-fd40044a045f,ec6b34ba-cb90-4e11-a984-8de154d61648,BEV-001
366e70b2-54ac-4540-8979-d5a3f71c21f6,5ac1a634-c596-4452-b604-0ce355698d5c,BEV-001
c54e5836-fa01-4218-94f0-8b75d72a5a62,9e879cbf-cbbe-4cfa-81ea-263083a97df3,BEV-001
166de04a-635a-4aac-80ea-5b1eb2328f4c,696d3f7c-5792-44ef-8fce-e58cb822a2ff,BEV-001
484864ec-1699-4137-b6f4-16fd8675b35c,641274cd-6023-4a2d-93c2-e3e31176aff8,BEV-001
fdcc6a41-de51-4c75-a4a5-d5b83da5ca35,b1de2ea5-e9b2-4c86-941c-dbd438b250ac,BEV-001
96ae6f06-565a-4c45-a6c1-0d7bca25f785,75652bda-d89c-4fb0-8c63-4791cf432050,BEV-001
5962cd4a-6769-4f04-be28-16ea3e667118,54227a24-9c51-481c-806a-ba96807194c4,BEV-001
1af1709b-7575-464d-9292-9322ca3a0e4d,6b8c6051-26b6-407a-9121-820bb4813019,BEV-001
43677f37-8db1-4799-bef9-d090aabeaf4e,1e131182-3a11-49b5-b46f-3d51d13f513e,BEV-001
3814d6b0-384d-4d25-8a5e-1e84c9828c36,dc373c0e-8b52-4333-bce0-4ac8fc6d2173,BEV-001
1df5e1d4-91ea-4c41-a793-eb32647526b9,49e7864f-2b57-4d93-8440-87e7bf0ec39c,BEV-001
66514c24-bb9c-494a-9388-c84ec870a8b9,a881fe38-0158-4d44-af60-b0ba70ba3494,BEV-001
ed20cd2c-6019-4972-a831-97ddf2483777,514f63fe-b373-4b15-98cf-985445c77190,BEV-001
089da4d6-47ff-446a-a933-3afbe2645a5a,3bedadce-34be-42f7-84c5-5f1d899dd6ff,BEV-001
18c25fd1-0a9d-4da4-9c5b-20a07cbba7a1,faf5bba8-e120-4196-8c04-f086c6c2b797,BEV-001
040f79ba-969a-4dfb-9cc8-3cbcb2ab9ed0,8f9ac574-3aa6-408d-896e-71ae392189bc,BEV-001
e0db534e-6980-49f7-aa6f-9b686a9e6194,805df838-d951-4c0d-ae8e-7bbb50718eec,BEV-001
7dafa0ba-35da-44cd-a2e7-c608d2fd4f49,e606d0b4-0af7-426f-88a4-3f93297b6211,BEV-001
10f7c40a-8e01-466a-9a6a-8597f3805662,48ddaeec-9397-4e77-b867-f439b4a714e8,BEV-001
b9a50553-174b-4a7b-903c-863e687c5ce5,66963971-706d-4a77-93db-a4195bb13789,BEV-001
45435531-5b16-4c97-9591-9a864afb5e30,66963971-706d-4a77-93db-a4195bb13789,BEV-001
792ac7f0-2884-448a-87e9-58987bcad35b,f4aa54f4-d678-406e-b304-10dae9f10e0e,BEV-001
40533881-8edf-4604-8342-93342b942fdd,cc26ad36-c2a9-4de5-9e02-3c102129839a,BEV-001
897a7498-4fd2-4fa8-8d7f-1deafc3b4f9b,5006b2b4-6c08-4a5a-8dfc-ae4ad4ea6597,BEV-001
340df71f-f788-4826-9b70-d98d30c6ca97,de655313-8d4a-464c-86f2-5b63370894fe,BEV-001
49cbb2a0-7e1a-4a91-8a39-637ea77ef376,0cbc7db0-ba8f-442e-9fdc-98368c1a366f,BEV-001
0412a149-115a-41d3-86e9-d0888e64b9db,8bb8599a-b169-4966-bdfc-b7d9438eba39,BEV-001
7e3c566e-2988-48bd-a787-5d3a792eb693,54b1ef99-94f0-4c2f-9876-7b16534af2af,BEV-001
311f7017-972d-40df-b09d-c414760053c4,53ea600f-04ad-4ed5-a20a-0b4dc7cd0cfe,BEV-001
bff72632-4549-458c-8953-0b74b91a4529,ce4b2bef-c3ac-4be9-93f5-a026d678a253,BEV-001
bd11d21d-e8ac-4c6b-b921-84cc2f8be861,42942232-1278-40bd-bd1f-2f8649aafce9,BEV-001
6e96ca86-8ea1-418b-810a-78d5dba5d734,37e11041-ef39-45a8-8aad-57fed5ceab90,BEV-001
70d9e973-1ba6-4ddc-94b5-110555cf10dd,6756a934-079a-495b-b998-155c92d0ab28,BEV-001
1bd5d5a6-4887-4a66-a2d2-9fdba20a0bc9,9fc47251-67cb-4978-a705-ec2979776cce,BEV-001
f0542cfd-d37b-4bd7-b1e6-3f72fbab4e81,1821d4a4-d7c2-404e-9ac2-5560db5ff117,BEV-001
1186e6f7-42f1-4cb0-8746-687af136e43c,15eae789-a219-4390-8bf8-2193f149f28d,BEV-001
b25f8823-84e1-43b4-97cb-d902350038f7,cf6bc7d8-8aaf-4d68-8c9f-16ea42391211,BEV-001
e67c7974-2ad8-4532-91b5-964aeb79f32e,5efd9eef-ae60-46be-aa0c-3ad96ef6e984,BEV-001
87f04d17-62da-4a3d-a389-1961f507ff80,1d2d02c9-804c-41e0-a5fc-a6eebbe2f0cb,BEV-001
f0c1e8b2-60a2-4289-8861-95fc97d72e00,1fddcbc2-0d05-47f8-a1bf-2d069f0d03b9,BEV-001
f7482eee-96e2-4397-b0de-cf024ccbba86,6de6db2b-fa23-4768-83b6-444f0f7ff952,BEV-001
fc379dbc-1ef2-4775-a5df-e600bed58deb,e5762fc9-fb80-446e-a6e0-cb910ec4faed,BEV-001
f98c89c4-bf99-4566-a0a4-7f678c073a2a,f837bf9e-da28-4f04-8a00-b616b4b7aca8,BEV-001
2de4980a-7e84-46ce-916d-784e4c53812b,29ebd02c-48ee-4cd9-b270-08cda0b7a538,BEV-001
448e58e7-92a4-4720-83dc-274388476347,ce1919f4-a51b-400e-9672-8c39ae6b7945,BEV-001
4f2372be-d1e4-47c1-a869-cacd224d1048,e39707de-a774-446f-a987-8ed309a107eb,BEV-001
08a2787b-20f4-4060-bf8d-06d58174e39b,719378b7-5856-4c07-b2fb-203122a6d270,BEV-001
4dd124ff-2cf8-400f-9f29-f19b51e1851c,765fdd14-91a5-4fd4-813d-50030cde0aef,BEV-001
36b62182-ecbe-4f09-9027-72bfe62c508d,6935db4e-62f2-4ea5-b6c9-98e18ebb5eb3,BEV-001
9a87e705-64a6-4030-95d2-a64110b77f52,ee596254-e1a7-4738-8b68-a253ce1100a3,BEV-001
57e718e6-a592-4c8b-aae4-3ccc0205314e,d0c39ef1-da31-4f05-8dd3-4c4aa7859335,BEV-001
9ace8731-3185-4d5d-82e0-929229cb32bc,551bbe01-b887-4708-9351-553d46f0f5e7,BEV-001
52ffd11b-85b2-4c77-b466-b0ae50479de5,ddf27d2a-404f-4445-87e7-464b679a9778,BEV-001
e7fa4a78-a1f4-4dff-a312-a606e5b6690b,6d9a915c-8fc9-4c67-be04-716c730752d3,BEV-001
15e4238b-7f92-47a9-822e-209721017a66,bf0f309f-af2e-49dd-afca-8a21535ae3ef,BEV-001
8562698a-792c-41ba-8499-bb80adac8c56,4e0ce110-a0a1-4ad9-92aa-7528fbbd199a,BEV-001
2f426259-b21c-44a8-a714-b1ac19c1bab4,17662426-3db4-4417-a6dc-e21b5586e5b0,BEV-001
4219e290-f6db-429e-ad89-4b3d464cf1ce,67c0f10f-8422-4a58-9738-69bba721af62,BEV-001
f3d79489-b613-45d4-a60f-6a6987e6cfc7,67c0f10f-8422-4a58-9738-69bba721af62,BEV-001
27ab0ba6-cf20-471c-b8d7-d0579bbef013,5bfd3d25-9179-473f-a6e6-e8944c345db9,BEV-001
d43ac2ab-010a-4113-a0de-8425e8d53e83,7a21105a-b336-43f4-a4cb-f172c32ae6aa,BEV-001
b532504c-99eb-4a04-ae12-3e55e2f1fba2,32e3c186-3e65-4c26-b3d7-8f1a978d147c,BEV-001
17abf57d-cbd0-4ab9-b428-f87ba6e3d464,21efe2f4-95d0-4083-bd3b-e60e6491f0b0,BEV-001
6b6e6894-76a4-45e4-9ca4-6cf1987939fa,bc037963-5549-4d26-892d-1b1e03a0aff0,BEV-001
605e29f0-49af-412e-b553-c5fabb804209,15484652-62a7-46de-9a8a-394d04a3c7c0,BEV-001
8deb7c61-8b30-47c7-8637-dbb821fb0136,9c55fc10-3739-470e-a957-aec3d8155ad7,BEV-001
cfabe153-b608-4e72-adfc-885a706fc1c2,78d09427-b88a-47bb-a4d3-d436fd06486f,BEV-001
fb05d087-827a-4169-804d-6380208b883a,4f5b05fc-ed98-480a-8a83-0a5dc95fa1ed,BEV-001
cfc0b2dd-0df2-4fea-a01b-768fb8aa7c1e,a704a4ef-69d6-47b7-9053-c27a0329c1f2,BEV-001
56642e8c-8379-4e3a-ac00-c0ff126e7c2a,b37355c5-fc06-44d6-95a8-801677507934,BEV-001
e121c495-ff7c-444d-a59f-ddc559f97f36,49c55378-bc1b-4b32-a77f-cc8ac97d35cd,BEV-001
7e06871c-903a-4f59-80f2-6fb6282f8681,19c3d4f4-69e5-4602-90ad-4f3c7e247946,BEV-001
6bf10754-7cfb-43ad-bf68-91839075c0fc,89df612e-af3a-425b-81b9-e1118b1e65c2,BEV-001
e50fb8e9-d1e2-458b-9f42-06f06094001f,462ca275-d708-4fc1-a443-560cd070291a,BEV-001
dcd28dc5-a278-4644-801a-c675c312ca9a,10371f62-d433-425a-8178-be6292e7381f,BEV-001
25e87ef5-940a-41bd-82b9-025be70281a9,7110776f-7752-4713-a726-876075e74791,BEV-001
9bf075cc-4a6c-4694-9b7b-ad496e2cf543,ae6f13f7-4c75-4b58-af34-60acdeebd58d,BEV-001
3c91a89a-e3d2-4345-b33b-af45df72c532,cd7a9c3c-8600-40d8-951e-04ff1c194972,BEV-001
9e7c5b70-948a-442d-92cc-f399ed967b3a,330d0b21-6618-430a-b0d7-725a4c2dac07,BEV-001
5b05ddab-827c-46b4-a6ae-d5e354c7610e,fd68eb17-7e27-49c8-8b53-6ea93ae17e27,BEV-001
9c7a3541-92fd-43f4-96e4-bb5018169b65,0ce7bb9e-a9b8-476c-aff1-de70781f5c95,BEV-001
9e11beee-55eb-480d-8a1d-363d6518f1cc,0ce7bb9e-a9b8-476c-aff1-de70781f5c95,BEV-001
fe2ef83b-4e5a-49dc-8732-18b3273692cc,c34a7e43-0d73-48a2-87e2-2fab619cb016,BEV-001
71250839-a52d-4854-a9d3-6210d0af37ed,c2bc3010-5065-4a9f-8f51-0d959fccbb51,BEV-001
68e31998-5930-45c4-8e67-cdb15ba593fc,c2bc3010-5065-4a9f-8f51-0d959fccbb51,BEV-001
3d1a0fff-d288-4ba8-ae76-20d82f2d88c1,976bef13-2c17-4f2f-bc0a-64d6867c54ad,BEV-001
4e34539f-ec8c-4ec3-b4a6-ff00d557ae25,09f685d7-ee53-4fcb-bb79-3d261f97abb2,BEV-001
9d5250d7-1ecb-4fb5-a6cf-93ed9ae596aa,98bb19fb-399c-4323-9930-127f0508d432,BEV-001
08744dd3-330e-4ac1-aa58-3dae60e60c74,dee406cd-1862-4ec7-b5cc-c9d6b632b277,BEV-001
a325c922-48e2-4b4d-8bd2-6dc57ab07ef6,dee406cd-1862-4ec7-b5cc-c9d6b632b277,BEV-001
0a5ad78e-5994-4832-920b-75480340696b,336af0e7-a870-4413-a31c-d5e3de233b37,BEV-001
9ecb677c-b9b5-4aa1-982a-586553e8a2b9,5f0b058c-7e88-4e25-8f7e-325830b90dde,BEV-001
f37282f8-0a68-4d8e-877e-4b652811c3f1,5f0b058c-7e88-4e25-8f7e-325830b90dde,BEV-001
18e5ff77-74e8-40d1-b6f5-77ddb10fbc09,81844543-ec4d-4ac1-a7a7-1863155687fd,BEV-001
d08dd681-a61e-4dc9-9abb-3c88fd5ad244,64782c26-2ed4-49eb-94b5-aeddbb467625,BEV-001
04873994-436a-4ec1-bf92-a2163a4f1269,c457b88a-61d0-4367-8607-b3fbe2e25cf0,BEV-001
142ea41b-8009-42bf-a00d-5c4fdba92796,cd890302-a68c-4c1e-82a2-3cf949d5cf7e,BEV-001
046d94da-c9c3-4f39-ae8f-fe487c0663bf,50f5e161-5eb6-4660-97fd-564a7bd51edc,BEV-001
4b82a323-6dd5-426c-9192-383104317ca7,976efe2a-9d7c-440d-96e6-353de53850d8,BEV-001
cad53fb8-6ec2-4a97-a071-768f451cece7,3f148dc5-f0b6-449f-87b3-84d5e736ce6f,BEV-001
e080bf13-e960-49b6-8ee1-94475ff663a8,29298537-da33-460b-9649-564f64c2d3ec,BEV-001
75d1bf71-4201-4903-b2df-c355e2f82979,bae09a9d-d1c4-42e3-812f-9eb7fa783230,BEV-001
e1844b0e-ad90-4785-8255-9c06bd9e64d5,71d279fb-6fb1-47b7-80e8-d8ac3d66ab70,BEV-001
f6ee4c96-743c-46e1-bd08-031957367ac2,71d279fb-6fb1-47b7-80e8-d8ac3d66ab70,BEV-001
9909e8b6-bcf9-4dc3-bdbc-87af840bd7ae,c7cfbe03-6808-4db3-9d99-60283e22fa7d,BEV-001
6d73aee3-678e-4a77-9bda-ebe83f7b0d94,0f6a4ffd-719e-4333-a67d-462753c7524f,BEV-001
995c0270-9c94-4349-b2ce-04057564471b,3d8f56a4-214b-492c-8133-93c8296e59ef,BEV-001
b8ee9d3f-72bd-4d74-9f73-9f3512859ed3,75abf3a6-846d-47a6-8f85-7fbc9b24b887,BEV-001
23dab1d9-b3cf-4609-8337-25c5a86583bd,f40f4aac-283e-4b99-a590-2c56963e5790,BEV-001
67cdb448-f509-4afd-a6ea-9515fbbebccd,fa8c5cee-08dd-4235-8a22-fce361097744,BEV-001
e0a45de5-f6c0-4b22-95d0-df29e1bcc1a7,7efcbe78-487d-470f-b50e-b87a7b3d2935,BEV-001
ffa8cfb5-f318-4fe7-950b-c3c8a5793de0,fb1a3791-6db5-48bb-93b8-7fc205d1afac,BEV-001
2f753399-5a37-4068-b69b-a162516fce2c,6423a855-1134-47b0-b957-cccbde8e98c7,BEV-001
8b029e9d-19c4-465b-8c61-ae9aaeb9a7ae,6a38852e-0e71-431d-8908-a16297941130,BEV-001
74620b3e-b5cd-4822-a79a-575f7720d3cd,12de772c-eb69-40ea-985b-0f348dbb4fd2,BEV-001
b53c66d1-7a47-446c-881f-4505240fb396,66ef34b1-90a0-466a-857b-7412cce094b9,BEV-001
049e15b5-5ab8-42c3-8630-f829f3787ecb,9c5365c4-1d73-45fb-9ab3-32e071feb39e,BEV-001
1b9b53de-04fb-40d0-9f44-5bdb29609e9b,b0df0091-81bf-418e-bf3c-7b59185168b7,BEV-001
bb8d5f20-047b-46c7-9dcb-cbd6b61f48f2,9711950f-e0e8-4980-ab7b-f626cb88b93d,BEV-001
565e5013-f6ce-404c-8ec7-8ac4e82cbaf8,e4a18a23-8d63-4780-939a-d1b5b0759945,BEV-001
641ef450-5fb5-4a1e-9e01-ba5c5a46c938,8334e155-5e4f-478e-8960-fdadd8a0bf4a,BEV-001
dea55c4e-8cae-4a18-bd90-51a1f3534b9e,8988fe77-fbd2-4dd0-8b41-288c41939aba,BEV-001
4e09ef40-f970-429a-ae99-21c9deb1027d,c7c2cf8c-d9e5-45ef-88c5-ae0aeef6dad0,BEV-001
8b87a3f8-45bd-4141-af34-bf9537c9a2a3,17458d1a-1653-4a08-8137-a66a4688a3a0,BEV-001
14b37ce0-f0f9-47da-985a-b3bfda934d45,acd33e4e-c004-4be3-a287-c28ff809ea18,BEV-001
495dabfd-3013-404b-a1ea-fb10f39c29f2,152fbfe1-2b1b-4838-a91d-6edbab87779f,BEV-001
2180cb36-3e2d-4c68-9e48-9f25b4ca5835,5019fc3a-e441-4bc5-ac55-c1436af32203,BEV-001
bb2ea59e-bd42-4064-99fc-444930c87f7a,919a985d-3bfb-48ad-9f40-dc457e4a4fb9,BEV-001
c695a4ec-053b-4933-be7f-bcc9c15f83df,150db1a6-4cbe-4c2a-ac90-b9cef0fb857d,BEV-001
5499bb57-2590-422e-98ee-c34b644a5686,08d54f8b-0869-4ebf-a477-9d13d5895060,BEV-001
6a0c3891-fe26-4123-a319-709782f6014e,5661b96b-c564-48eb-82ba-f7a295c319cd,BEV-001
090f732f-1a24-4cf1-a52b-2c560ebaf781,3983a242-b3e7-472d-abcb-70d8dac4a98d,BEV-001
144aa768-e3cd-4b34-a68e-bd0e80a6bea8,947f5ef4-a035-4cab-a9a6-c42ea694dd49,BEV-001
9477fb57-ee86-48a1-96c9-9c482db71008,81603237-aa1b-48b6-bb6e-a43729daef09,BEV-001
d64216d6-564d-4136-b8e3-fc460be758c6,81603237-aa1b-48b6-bb6e-a43729daef09,BEV-001
00a62223-3191-430f-82fd-fb0813b0dfac,f3b971ea-fbc5-4c6b-8ed7-5e4913d0fde4,BEV-001
af93614a-e7a6-4fb1-a3ae-10113c605801,dd0170e3-15e8-49f6-a61d-b5c8af000bea,BEV-001
a8f36b13-c7d4-40d7-b7f6-c623fd5e9810,1139ae08-2667-4fa0-93ae-422ffe4d4e7a,BEV-001
c2e92b50-e6e3-47da-a59e-adb946d46141,f46f4535-a8a9-4d97-bf25-4f745d66887e,BEV-001
d8ed1c76-5830-43b7-9f39-fe74c1e9eec5,e484cf5f-a89b-4823-b4c8-8d7b4a60a82a,BEV-001
caa0bc76-d3e4-45e5-a69f-39683ff1789b,6fb4719d-9d5f-4ab8-b64a-773c1d53d7e8,BEV-001
3773e84e-687c-4a40-8145-347a7bcd1ea2,1c2e6915-76c6-452c-962b-262368f816dd,BEV-001
dddfdfdb-5521-476d-9f3e-2639ccc872ce,2cb02a87-b668-4ca1-bbce-e08357538562,BEV-001
e8332f9b-5c09-45b1-bd1b-26b69b648ac2,fcf7b4d9-d68b-482c-9888-bbaf7e6f308d,BEV-001
d20b5c0b-b4f5-4db9-8b63-b3a125faa56c,6e3149f8-39d4-4139-8218-8f1e83314de3,BEV-001
f419daad-44e9-4921-9576-caec765d87cc,1ae41261-acdd-45c7-abcb-820bdbc25510,BEV-001
aeec810c-2fe7-4c85-bc0f-274e032cab58,f75f8c49-eeb1-4b2c-b7d8-b9ab9de8c784,BEV-001
3bf993a0-c8c8-479a-a4ef-7dc30f1f1657,14cbd123-6ca8-4d03-becd-3039095eafcb,BEV-001
3eeebdec-577f-4b3b-82a8-16d74b797b1a,e0895801-29ee-4e4a-ae05-60159191388c,BEV-001
2f721207-6aa4-48bb-bb42-5129af697ff0,a2563a73-45a3-4058-b283-bc0b49b08962,BEV-001
274480d4-e900-42ef-ad01-222a85713401,129b117a-306e-43fc-af06-cd789a3c53d3,BEV-001
e99b4916-a47c-43a0-a31b-daaa78e4432d,7faad835-e3c9-4e31-b1be-e973c5bab5d4,BEV-001
b6253694-77c3-4d8b-bd39-8e5c1c7660e9,394b8c60-4d50-4a59-99a2-686ead7792f7,BEV-001
3c963917-080e-44e8-8c61-850c4d7417fa,e9c4b28e-27b6-4bec-b203-85237f91000d,BEV-001
4e8a91ae-ad1b-4720-841f-9802553cd071,2a04cd31-3f27-4803-9954-d13901a8256d,BEV-001
8289aea1-0272-4898-933f-36d25fc96d20,c2efe767-f50a-4900-8211-411349b04288,BEV-001
a4e19301-0229-4336-b8b4-bd8f6e4cd139,d276da4b-97bf-4b36-901b-1d7bbe15df49,BEV-001
1e137f73-b0b3-4214-a096-4249982dcd9c,fb57f323-e322-4093-9e1c-f754825b9539,BEV-001
db870bb8-e7ef-48a4-b61b-f5fd1e0b1553,b0875502-a633-4051-a974-3657d6c0c1ea,BEV-001
458056fd-a608-44cb-98bb-73fff8c1d42a,db9f0a49-f66c-4426-89d7-c3f481c444ec,BEV-001
c021266f-4a89-49e4-990b-fa42ea71c8eb,8a732ee6-31bd-4cba-afa2-981cc5aa2fdd,BEV-001
0071c165-cdc6-4403-b1b7-cd89131f83ce,a089d7c4-8b64-47d2-ad5a-5bbc0514a225,BEV-001
f88ad7f0-2f84-4242-bc24-2827d2003604,141a992f-3e19-410c-aefc-7d1523f6958e,BEV-001
daa103ed-0479-49a4-bc5f-ab4c0195bae5,8d11446e-d726-4dde-9466-dbf411aeb6b3,BEV-001
1ee80140-e336-4e31-8b72-191968aebd61,020052f0-7226-49ff-8a73-25fe6952802f,BEV-001
90f242d5-a9a5-4a7f-bd8e-89342361fe79,2c82455b-4994-410b-a694-72e81f4c91ea,BEV-001
af8ab456-b2e8-46a5-be36-d8ea9f081c10,223ca8d1-0298-4b08-b239-7728ca18ca7f,BEV-001
cb2c2948-3e9f-4598-a8c9-56260c83198b,9ecceeb0-54e8-4f1e-bd3f-61ba6c2afb75,BEV-001
3836a9af-d3a2-41b4-9084-ca37ab2d9be8,699c4e4b-7fa7-4f20-b618-be1d83805c77,BEV-001
9be62b04-dcf6-43f8-8766-c237a1197d5b,1c6264cd-faac-4a5c-828e-b277a751f6c3,BEV-001
b043043c-14df-4909-b02e-ffc9e15b3084,f2a4b617-b636-4b25-b533-eb13953850a4,BEV-001
d9af03da-40ff-457d-9fdd-675dc1ca92a2,fef68603-4f3b-4b45-b809-8bae8a8db6bb,BEV-001
c16b6515-f5af-45f7-ab37-74fe414c98ac,4c8d8c65-896a-4c1c-97f1-8de178865031,BEV-001
e296a498-31b4-453e-94c1-357de571795c,fb70f0e6-33b1-414d-9624-032ec008c9dc,BEV-001
62d466c9-3142-4379-8c6f-ea8c17cdbaee,01db2623-821e-4049-b554-f1c8cfda1fc5,BEV-001
45236d90-027f-4c50-b180-a1ee61c372ca,cee7cdd2-b8bd-426f-943e-0e72bb3535ca,BEV-001
52c1ac03-58da-4067-8cd0-70e596cede93,7785bd85-8896-4cff-9aaa-40144577b840,BEV-001
588773d6-a0b2-484c-b367-2f0dbd23164d,7785bd85-8896-4cff-9aaa-40144577b840,BEV-001
76604ac6-8bfc-4243-9dc4-dc4ec1be2494,84d9f224-dbaf-4bc8-99b6-1c9bb40fe7eb,BEV-001
956a5ef1-0599-439c-9317-887fe78c5e93,b6db892d-ef63-4da0-878a-ebad8812c596,BEV-001
043fd32b-518d-4bcb-92bc-6e0f1d4f4584,b6db892d-ef63-4da0-878a-ebad8812c596,BEV-001
3d3b2f8a-6b47-48ce-9d57-480b9828cae9,4e5cc034-d157-4a4c-9481-2c7986c69f0b,BEV-001
4abfc8f6-4d93-4274-8cf4-fa7f9e7af4a2,9188b783-f3c4-4e42-8b7b-ca763cbd5c2b,BEV-001
357b76fd-e73f-4d63-955a-10d897bf72c6,5abb5abe-08e7-44ee-8bfe-8166d937a100,BEV-001
e25211e3-83ca-49ba-a037-cc54cb21f9fd,7cc91372-449c-4fcc-a8c0-bd0071f40893,BEV-001
d9c142ae-8069-49f5-88b9-d27cf4b4b7f1,2f231a14-5495-4ec4-acf8-9a1a3b3e086b,BEV-001
9f8c20ae-48f1-4f02-84ea-c5d4f465cef8,2eae74a8-a539-4997-8df2-27ab87b8d91f,BEV-001
4b6d2761-bd02-461c-9106-d681f39b30ca,ec2eb020-36e3-4b03-a030-f4774031b5f7,BEV-001
4de07d57-8c70-49c7-93ca-046b990c24da,5d3123f7-0287-4cd9-ae15-07b803db95b8,BEV-001
9d288313-6417-4fd4-b98b-60c4eb72f309,1dde0554-709a-4935-8cca-c52a85cf17f7,BEV-001
459ba496-f23e-418e-8afa-1cbbda0ff48d,70063ae6-5c25-4408-809a-7e5ee41c723a,BEV-001
c818102a-4ebe-419b-b51a-3c6933f877d2,e32060ca-e6a3-44f7-b0f2-7816413ba4ce,BEV-001
c920da38-00af-4368-a1c7-be7da9957d04,2f8b905e-a396-4d44-8441-71c5f32b1f84,BEV-001
881d2bc9-b136-4eb8-a512-0b339fa6860b,2f8b905e-a396-4d44-8441-71c5f32b1f84,BEV-001
caa2e771-01c5-4c4b-9ea6-36c4a4986c7e,a5a039c1-5c1a-4d7f-9416-8f823883032f,BEV-001
f2befec8-511f-4930-a4c8-57a9b0cb133b,cfbcbf4f-9598-4c64-82a9-1ac7e55ede4e,BEV-001
e1ec6929-d2c7-47aa-a396-dead129b09e2,d9875304-2756-46dc-96e1-06d7685a6187,BEV-001
c1f5ef24-5066-4ee3-8c2a-53bb6d6dc5c2,e760fb14-56e5-4149-a2f4-80cde36c3820,BEV-001
6b58e996-e7bc-42b7-bc1b-96ab3eeb46e8,931a40b6-95e4-444b-b3fa-06a98b4e5925,BEV-001
6505d3c3-c4d9-458e-a91d-6250c0ebad91,2d313690-ec34-418e-adf7-75d6aaad5159,BEV-001
8db49fc3-cc40-4b71-8c75-238c173dc8b3,2d313690-ec34-418e-adf7-75d6aaad5159,BEV-001
a512c211-8fa6-455c-bca5-c1a178be3d92,2ce96cd7-549e-463e-9778-dd292f551c06,BEV-001
d673863d-9288-400b-ba1b-f6c01c43a84a,6eb0652e-a5ce-4ac0-9f49-9f9e2051ba61,BEV-001
798b6dd8-584e-4063-bfe7-cf19edae9c44,83fef63c-dc94-4fd1-a994-110ac0a0b956,BEV-001
c82898bf-91d8-4c28-9888-398f676415ad,8dff692b-2788-4195-8925-d539031cad0d,BEV-001
e0e7c0ab-1a76-47d4-83e1-c8459f9d6fb9,77d64a5e-b854-43bb-8dbf-2695112af8ca,BEV-001
ff6d4dd3-2a93-4a23-acd7-8afbd8944945,7c6117cf-7239-4273-9db3-46e337faa3de,BEV-001
7919eec0-f108-41c3-9381-8745a1ea9e06,6b5965ac-3521-49d2-8ff8-289362a8179b,BEV-001
d2b1d74c-3394-44a8-ab32-7b009d420da3,55a6c5c3-f783-4d8e-9f2a-61aec399469d,BEV-001
0e31ecce-121b-4aa7-8ca2-bee219da1f4d,182b3444-5b31-4217-b2de-c50cd5e76b11,BEV-001
aa2ff58e-8e77-4d36-a128-46feeb07fe33,8b84d0e9-db07-4673-bca8-cdfd186cfd2e,BEV-001
8300623e-99ee-4044-bc75-72e750089008,d5dba8de-cab4-4493-adb0-370a177cfde2,BEV-001
720f989b-a431-4878-a530-64efdc010369,08a50247-da7b-49c4-bd19-291311aa5660,BEV-001
07ded2ec-c954-4bb4-aeb7-4df6afc82cc8,e9907f00-d20e-4fee-88af-05639e9be2fa,BEV-001
9b193e76-99d6-4c1e-903d-1bc74a1d0b53,08e00f24-743c-49f4-a375-fc0e088b30b6,BEV-001
0a12cbdb-6cd7-4789-becf-1d7c3ee6306b,40c11ed6-25d9-49ec-a2ac-e20609bc9286,BEV-001
ac413154-d5cf-4df7-9375-e5bf9f987b6c,f0b00314-7c5f-4574-8869-6f4b874b7050,BEV-001
b890c666-4b8f-44b3-b30b-d8c5ba4318da,f6bff842-3417-4e81-8693-b853effb108d,BEV-001
db5a6330-ed74-415b-ae53-594b87b4bd74,daf62409-3e38-424a-849a-d4913b328bd2,BEV-001
0335a6ac-dee7-480b-8d91-7cf5f1c9ba46,3cf2e47c-d069-4024-a874-005f47fbe821,BEV-001
b5bbc56c-826e-4ea3-b9fa-65d6cb93021f,a7059f3d-394a-4e54-9b98-e010b6bb1590,BEV-001
4926d51e-15c7-4b82-aa7e-098bada9873e,b8edbedb-a2c5-4740-a695-cc7097ef10d8,BEV-001
eab95efd-d301-4b84-8e34-74946f4382e9,a0122684-4340-4dc6-91a2-ecd1704b8566,BEV-001
9c874d9f-c828-4f15-9c40-23366fd08782,da0e5bef-760c-4c87-a3b0-afa3df61f2fc,BEV-001
d0ece876-2f7f-4c66-9443-6f6e7aa25653,39cdc440-de44-44a6-8c7a-857f9c2ec0ee,BEV-001
6ac27ccd-57e1-4f34-ba1e-d2f19528bb4e,60aa4f15-1df7-4b10-807b-1bf99f61121c,BEV-001
d3c8a431-bf43-451c-9965-92c47928a431,13a92ee9-d7a9-4f2e-9ae5-c7768c76fb54,BEV-001
fc8ba9f4-31ef-4263-9aaf-22490eb87e3d,92df118d-6d88-4ee5-b449-b4e65ce3defa,BEV-001
bf18db76-5ac2-44d8-bbd3-92c8e501aaf5,9feaa531-62f4-4c58-8c37-49d8ab8acdcb,BEV-001
22966a42-3cc3-40e7-9798-03b07e86631b,4ba118b9-62a5-45e3-ba1f-099b3c1efbd1,BEV-001
12b9577b-faa4-42e8-b384-2240dd75cc65,8e2fb28b-84b9-4f03-8e95-d5d93f041289,BEV-001
65db0e7d-d07a-4f85-9ae5-a45463d1c75c,f7d2b9d3-4397-4c3e-b2c1-7745925afe43,BEV-001
58eb15a8-a3bd-4ee6-adc9-3abdb6fea1da,1e35da9d-09a8-450d-8d62-a2033126002d,BEV-001
dd2e2dc5-a96e-4d1f-9cd7-4522aedfb560,e4f7256b-aaa0-4652-9209-012cc4b22310,BEV-001
5fbd2513-e16e-46fb-ba6c-bac170078f16,ae3ff007-dca9-460a-90f5-2827781d4fc2,BEV-001
4f8410dc-dd13-416b-8648-15ab3dcfceb0,692d4a76-4982-4f5d-8a85-6e8027c5d09d,BEV-001
98d1cb53-82e6-4148-adaa-7e6ac0bed77f,6ab5a69f-1f04-4322-946c-0dc206a96eb2,BEV-001
545a6f4c-5c7e-414a-ab05-50ace719a993,af3780ea-897d-4ed6-af98-f197013e91e0,BEV-001
99da123f-b97e-470b-98b6-97933504b901,711c3ac2-153a-4d9e-9da8-0efc88217537,BEV-001
de3b94ca-4c5a-49a3-904d-6ab9cbc97136,17520a83-518a-4109-b4ac-4d65c672c490,BEV-001
ad56c36c-4fdc-4688-9955-1c2fde04c018,12a7dc88-c78a-4e8f-a91f-1dde38f8de37,BEV-001
cab4f818-557f-47af-af0a-b1fbb96214d8,cd2b88a5-1f92-4cd1-b4f6-d1ff76b848c5,BEV-001
28045b31-0918-4a7a-bec5-e620798ff1a6,912f0669-e789-40c8-a6f4-5831f9dc0053,BEV-001
7581a2f9-bd47-480d-aead-9ce6ace47d8c,0b320346-6177-4094-97d7-509674dc6205,BEV-001
c98f520d-00aa-49f5-80f4-50f34914244a,6241ec86-7d32-45a9-94d2-3fc09781c76c,BEV-001
19d460a8-f254-4846-ba2e-6128886ab666,bba53777-8ade-48ea-8efc-928bf0d6f3c0,BEV-001
5e9121ca-6c17-4df3-9bba-1590aa010259,5c1d51f5-b88d-4a5f-9a8e-a3b218135b6a,BEV-001
b784681e-bf4b-4b44-8f22-065692b47236,8750f522-5102-4904-94e4-0ba30e63086f,BEV-001
3e4d34fb-a22f-49fd-959d-bc0bae18edbe,5edeabf7-3150-4064-9386-ed8da62d05d8,BEV-001
c645656b-cf50-4f39-8ba4-c37f3c691b5b,ba59c025-cd3c-4e55-a88f-4e3c959e284e,BEV-001
d6039b17-6bed-456a-8683-9c95749ef584,14abf52f-5d00-411c-af34-757f7b93845b,BEV-001
1002d23a-825b-4bb9-9a37-84709baac660,73949f97-0fc8-4f60-8775-0178bad776aa,BEV-001
19879c46-0bed-4cda-b184-3a6dc1e4b739,0fbe453e-74cc-4211-b25a-5c3b6edebe93,BEV-001
3bc6a76b-15ae-48f3-a874-c983d3aae75c,6e4b6836-bd5b-42d1-8865-34ff419e7bdc,BEV-001
0d8f7941-9598-459c-b516-ebe55eebb6f4,1214f233-8e5d-4ce2-9a02-c2ebaf07d33e,BEV-001
16150d6f-6759-4e76-a2c6-b0f32f9da63c,516ff541-d63b-4ff8-b03b-ec0dbfc884e8,BEV-001
0b16b7d6-d65c-4fe6-8361-b135a9b59112,36fc30d3-abd6-497a-a65d-e89bc91d4a6c,BEV-001
02621560-9225-4f71-8d53-91b470174363,52cb7852-2afa-4507-b64d-0e46da633106,BEV-001
daabdbf6-b9f7-4f85-af50-e0c856d5c26f,52cb7852-2afa-4507-b64d-0e46da633106,BEV-001
9371765f-1a7d-4429-8ed2-6a402e045189,52cb7852-2afa-4507-b64d-0e46da633106,BEV-001
fea413d8-fb81-4d72-918b-00bef75ff176,52cb7852-2afa-4507-b64d-0e46da633106,BEV-001
cc2e9920-9330-4387-892d-f1e4121ffe78,a1f64b9b-3d97-4800-8433-94e41aea6fe1,BEV-001
17b1d968-929d-4121-a58a-c0a06408befc,4846c0f9-d0ba-435c-b48c-f9f857ed7af8,BEV-001
094c952b-6477-4712-a6d8-d52ede07a254,e05ecefa-3b9b-438b-887e-29fb166b34c3,BEV-001
caf3d7b0-ace3-42c9-a5cb-1d47a9c8a3cc,e05ecefa-3b9b-438b-887e-29fb166b34c3,BEV-001
ffa3ba7c-fab7-4809-ab75-8966024d8137,57fd5882-5669-4694-bce2-33640e824387,BEV-001
0062a030-85e9-4fed-8c81-a2755448c9d5,3b698a63-e192-46f7-99f4-cea8ab8e3248,BEV-001
b051f792-697f-437a-80a2-0d61eefdda9b,3387d0c8-773a-48a4-8829-93477f2989c6,BEV-001
4016e55c-4ae0-4b1c-8b51-caf26e687977,8b801c87-d5f1-473b-bb3b-2b446800c164,BEV-001
6fe366d4-44f3-4c14-993b-723691110380,05d0fb58-6945-44e3-8b18-9a3716645b4d,BEV-001
a9412e62-8665-49a5-a289-ff5c177a66be,264dbaf7-c540-48c0-b542-e891f33bbeb4,BEV-001
9c34348c-f3be-4353-9f4f-d6d55c8c44db,38f0e85c-d851-410c-b8bb-1412e2210670,BEV-001
25cebd87-8b3b-4112-81cc-a844c92fb7ae,6d8ac042-1c48-409e-8d4a-7b17a9e7df72,BEV-001
faccada7-4015-412c-b695-4c0ee7175638,e28cd024-c0c0-4f57-b858-1ee52eda71cc,BEV-001
b2f546c7-d22e-4ad9-ba65-f565d6b8053e,d08a4757-3b75-4a19-b9bf-5c4aaff5d3d7,BEV-001
8b78c667-552b-42f8-8697-6e269956d9e7,968197bf-9897-438f-a958-b9113c753217,BEV-001
37e44c94-f534-4f1d-bbbf-dc3aa6cda0bd,8952f333-f54d-4e47-ad87-1aebb109f690,BEV-001
5b89900b-8fe9-4ea7-8455-a65ec8aabaea,194bde09-718d-45ff-95bb-8870d25ed1a5,BEV-001
951eb675-5260-41c6-a889-5ae7fb2d9009,e179549d-eda4-4a35-b438-825fa2c31a08,BEV-001
f6636eac-4289-4d4e-b410-52898889eeb6,3f5bbd4b-a754-43d8-b187-e391378391ae,BEV-001
573caa74-7dc6-41c5-9b90-cee7ac13e71e,3f98b401-b88b-4b4a-9b57-49155b339292,BEV-001
6d42b592-ddbd-4932-aa0b-a81465204c83,33d17b24-19af-4ae6-9805-3440cb854068,BEV-001
ed308838-b49b-469a-8926-3a01e319ea06,9d69fffe-96c2-47e2-9f91-b6da0bd5a9f1,BEV-001
bfbe9b59-39bc-4acd-8b46-527bb5ec5dfa,53e6f2e4-fb62-4eb0-bb45-354b1222438f,BEV-001
d1b17345-3cc6-4b3b-9a8d-ae4054918ad6,ecb21e3d-2b75-43a7-bbec-51b4bb747b60,BEV-001
d56d168d-63ed-4b34-8e99-47fea5fa96e9,81276e44-c580-410a-a5f0-461e0a123e09,BEV-001
ee370d35-ef0c-4df8-9805-ea695d6c7a95,891397d6-d055-4406-a369-b43d2fca9173,BEV-001
56fe79e5-1d38-4e1f-88e8-f15934b90e84,9a19ae61-a8ad-4ba8-8c57-5feddf8e2be2,BEV-001
b1f6e122-715d-4bd9-89fe-b0ad83b6e004,1a599163-fe2a-4ea2-9892-e133d5830404,BEV-001
f846444e-c819-4b22-a39d-4ce0347beccb,5c22361d-0ee1-4e26-9c4c-54a50bbd6881,BEV-001
a4a995e6-3b12-4a56-9686-6c9d47d7e471,e5da1227-e1a5-412c-ab77-5f725e37c7b2,BEV-001
006d55e3-af06-47d1-bc1a-ef3b7b648808,602be5da-169f-4ae2-9bb2-f0171efd8823,BEV-001
ccfed24c-23eb-49c7-8639-78a95c885ed6,3b062366-2600-48cc-b54d-22b75c2fe3be,BEV-001
53d54bdf-ea90-496f-8130-a97cc70022fb,7f783b93-0cfc-4337-a4b6-a364e548858e,BEV-001
63a93f5f-df88-42fd-a683-a3d281c0c33c,61c8a23c-1f30-4554-b5fe-83a47c2498eb,BEV-001
fcc2af31-4a63-4069-9fae-c1161405cc20,f6cb5ebe-f8ea-4a7d-bf8c-6b02d19ab9b7,BEV-001
e7a4f90e-719a-4d77-abeb-a1829a0f51f2,78a3f91d-a99b-4496-9f3a-e379f8141857,BEV-001
f9db678b-c467-4342-9aa3-1330c1c3d1eb,a6b96430-9342-4d4f-8784-8344a93449c9,BEV-001
5f5ebbad-afa2-4c67-8f83-b857a44da7a4,d06b5423-562d-4999-966a-973bc3f6b554,BEV-001
b88b2e06-2f97-40a6-ab0a-5c99b23c97ed,878620c3-1773-4cef-a2f0-70fe1fef9645,BEV-001
6404ed10-d765-4daf-8a96-587d4de29f73,1ec72a19-c635-470e-a5db-2124394cbaa6,BEV-001
d47d50b1-ddce-435e-bfa9-7adb2d0b00e5,b3fb0bd3-c1a2-4287-8e99-f2e2a3a4edd0,BEV-001
99491d74-78ac-4736-994d-4304fd6ad5a2,7613e149-9ccd-4060-8aed-78cba5c7ce06,BEV-001
0c7dbc6c-7567-452d-b916-899b0183f392,d2c38b67-c8a2-41a0-bb29-db1d23d48e90,BEV-001
91c2958e-76ba-40d0-abee-493ac04ec474,1a842c01-ba3b-49f4-963b-567394840ac6,BEV-001
2ba177bf-7967-4d59-a3a3-86e88d2e9bef,b9e1bdc5-e772-42cd-8089-e653edf01cea,BEV-001
1f80a8eb-2e6d-4b48-a9b1-c251fe9d9530,2537eef9-734d-4b0e-a3d8-71e85972db99,BEV-001
c757183e-addc-4000-9b55-ab376ff74e23,f02dddbd-fbcb-450f-b8e2-2d61309c646d,BEV-001
de523c78-b28a-40f1-8352-92e3f79dc3e6,a1eda835-cb80-4b1f-b2a2-00822c946ca5,BEV-001
1d40812d-5754-4775-8e01-4bf64eee808f,de2636bf-1b06-42f6-aa2e-686fb336fbcd,BEV-001
85bbb42e-03f0-4eb4-bbb1-91960f52c7ec,349298ab-fb0a-4cc7-839e-fe59bf83af0f,BEV-001
8b635b7a-0372-4097-8898-3d46c2124802,d41aa41e-18d9-4df9-adc9-0472acf86934,BEV-001
01c7cbf4-106a-464b-9d4c-bd9fd48190ee,877cecb7-50b8-462b-9aa7-09f040b994f2,BEV-001
fe54e659-f2f8-4f0a-a1ae-d9c259716ad2,ebbcb4ac-978b-40c9-ae4a-943e81b70aaf,BEV-001
89bef45a-e637-47cb-80ce-b03413fe4550,0a13be84-20bf-4145-93f8-a91eff8ee11f,BEV-001
b79af27c-ddf2-4e7d-a964-7676fd46fb12,e6af0b0c-be3b-4f14-9d86-4fb38ec6eee6,BEV-001
ba9e3d51-9d98-4888-b897-5f2f19023208,87ddaf9b-19a7-4f96-a7b1-a621d94c939b,BEV-001
50e4eff3-bde1-4120-ac8a-0e4b74256af7,f42b97ca-6325-4831-bebf-6ac153113e1e,BEV-001
edd66ba0-27b1-408d-a657-2559ab873a12,c0a99aca-033a-4868-bfb4-f60e188591b6,BEV-001
0f10a0d3-d48b-4061-be77-d4a94082f65e,96530544-362f-4f5c-be66-5f4a73fab030,BEV-001
f5dc8434-f967-44d5-87fd-18775a1e579b,a476ea68-3d22-4e15-9a44-f0096e30eee2,BEV-001
0f8b6ab9-fe49-4388-b3bb-8be53cda8dbd,6b334568-ea5b-4d8d-80eb-ce633c48c7f7,BEV-001
1e96463b-7a5b-45f7-a27b-dd0670939826,e9d51f68-312d-4ea1-855d-49a5f1daf471,BEV-001
b250c627-10f8-48ae-aa6c-fab593d70eb7,b2e1b161-cf0e-4750-bf5b-94ecda4f8ebb,BEV-001
70136274-670e-42de-babe-1b7d9f1dce94,c6fc9638-c198-40e4-a47e-a49200c85ff0,BEV-001
7d9e2dab-35eb-40a8-8cbd-ee2d54de4694,461d7adf-9e82-4131-9179-40e5ce5d6c08,BEV-001
5d06ff99-e05e-43c5-8868-ffe122338b5c,521bca81-53ef-4a82-a2d7-4e88cc373d1b,BEV-001
094b6982-d441-443e-bbd0-49f3d52ddbd0,cb21aeb9-b6f2-4174-b521-5b05f88b4007,BEV-001
399d305d-a9ee-414b-9ab2-3295c8d191ec,071baf55-a55b-41c3-a201-b906a4c69e85,BEV-001
591aaa6d-75bd-4533-8cb8-e70f67e5114b,071baf55-a55b-41c3-a201-b906a4c69e85,BEV-001
c65b3371-f27a-4c84-8f18-5fa8cb59d4d4,52377ef9-b663-4e81-a840-e420f0604e18,BEV-001
0443d0af-e220-4e21-b200-05071fe5e25b,72266239-0100-45ea-895c-34877d8f00a8,BEV-001
8363dea0-6baf-47e6-b5f7-8afef81dd11f,9d191899-603d-485b-b565-20f7b48510d2,BEV-001
dbdf0e91-b7c6-42da-adf7-75ed6802c0c4,feb00109-40d3-489a-81e9-e2df1d8118b0,BEV-001
e69b3409-3f94-4d34-a668-f472e0d105f2,b996e9b6-e61e-4aad-8c61-be168efaed82,BEV-001
d8c53ff8-efdd-4232-8bee-5ee3770481e6,0627bdd1-87a7-4416-8e2e-b34fdd861a32,BEV-001
a493b2b2-5696-4be5-bdd5-5be6cfe437a5,6513d76a-7789-456b-ba75-f5d2ca807593,BEV-001
2e97be3d-7939-4aed-9505-7ae087cfff21,78a2dfd7-c2a6-49c6-b6e5-fbc999a10455,BEV-001
1ac7ba07-d7b9-4763-83be-46fe298295ef,09e3e8dd-7ef2-44c2-ac06-466f179172e8,BEV-001
0e1a17ef-dd26-4266-8333-ff2e289bcd78,61c5065e-5447-4955-bde0-7edc848d844b,BEV-001
79671f39-1ddb-4121-836e-62982772a1a6,69888097-dc8b-4616-b4d7-318c5790673a,BEV-001
afcb2b4d-8660-43f3-95e8-1f40957e02eb,966eb59d-19ec-4f5a-9829-0afb1fd2a48c,BEV-001
43c886ef-1d7f-485d-8844-cff081785ca9,21b10e54-e793-46c3-91f6-5e241cb93d87,BEV-001
7dbd8840-8860-4719-8e02-a2b9174770c0,1e0a3a65-8830-4584-ba3d-cad16f144c25,BEV-001
91ff3251-014f-4c35-a85f-3dc930150a62,bc536a31-a3e1-412c-a3d4-c950615ada45,BEV-001
09f1d759-196a-43d2-9907-25b8dd4ababd,25e5dbfb-a75d-40ea-b224-f3d22e2005b8,BEV-001
a653e52b-6d5a-493c-bac4-939def40af52,79323d89-9908-4c78-8cd5-99ed89553de5,BEV-001
af8e1902-f411-4b6f-9f3a-59f1798f62ee,d5ed5e9f-e678-41b0-b3c1-126ad3de59ea,BEV-001
04d1c7aa-2fcf-4ee7-9783-fe89f0380258,d5ed5e9f-e678-41b0-b3c1-126ad3de59ea,BEV-001
c080be46-f460-43a7-a28a-750bbe1bd68c,01a4387f-6b39-4f4d-a403-3bc69ab6ebae,BEV-001
84c05589-b278-4573-9dd3-faba89ae835e,25676b4a-949f-4270-b924-62e506aec51a,BEV-001
687c357d-737f-456b-8ca1-0a4fda22c43a,4d01c192-8554-44d3-b3c9-6c39072bd04e,BEV-001
17b7eab0-e104-4531-84c2-b88173c7ed8e,2350260d-c060-441c-9dbb-2a985312e516,BEV-001
f67ad4b5-b096-4ef2-aa90-3dff242ed33b,3d76b486-5929-475c-ad71-a842d1d2bafa,BEV-001
6385b96c-9be3-4fc1-bf59-591acf0b5aa7,1243a9ea-8233-44c0-bf4e-0055d3bc946d,BEV-001
f3171c45-f1e1-4a88-a67a-9815dfa5b331,4c117882-aba7-474b-a695-19700c84d3d4,BEV-001
0a316967-9593-43e1-8e69-c755e8b99be0,c4bcc816-095a-4ce2-8642-df4b34754ee7,BEV-001
e824a15d-1307-44a7-a6c6-45000c80d506,c173edf5-8c08-4e45-9ecc-1629ccc6ee59,BEV-001
2eb4d378-7773-4ba3-acf6-6ba463706836,01edb989-c43b-4292-baec-d0109ed772dc,BEV-001
e40de3f4-62ba-4794-a767-d03aef97d454,f194b820-42af-49a3-8956-47109caef906,BEV-001
9d239141-83bc-4386-87b2-1c0afad71045,95b1e63a-e774-4ed0-a439-806d25b5f06a,BEV-001
1fbb7a45-5e08-4f71-82f1-e6c690560aea,a81e9f0f-6361-4ee6-9d22-04c108151d61,BEV-001
2e7e6c51-4beb-4a38-99a6-ca4b84c17a7c,c6f3f828-0cd4-4c12-98ed-4812d886c793,BEV-001
5e50042e-082d-4070-b2ad-5ae5b6bbb04b,9ec4f6a0-3bbb-41cb-bc01-9bc5a4fb4274,BEV-001
51b0d390-11c2-49a4-b006-313241fe909c,bd97db23-960d-4377-91b5-61b026567258,BEV-001
618bc8df-8e2b-40a8-a29a-0671aae2f1e5,cdadef8c-60b1-43a7-ad04-0d3566779540,BEV-001
2777335b-cd85-4739-ba21-0595925b7dc4,ee883055-d6d1-410f-a74e-ab60bc5ca76b,BEV-001
8e12821d-62a7-4cb8-ae1d-aa7c5ffaedb3,f21a3ac7-b639-4d26-9ad6-d646771fb1c2,BEV-001
5d29370c-0ae6-48cc-baff-f3c2753fd41d,82be39a2-d391-407a-b615-7380caea5ec6,BEV-001
020b9e3c-e6f4-448c-94d0-3e8a92fed794,dc4f3b96-ba74-4077-ad88-b1d045418fd0,BEV-001
b65930bb-0ff8-49c2-aa6b-f4da24722384,d134019c-d155-4871-9fd0-de5c1b28f65f,BEV-001
4ba3c3cf-d93a-4ab5-88fc-ba07ca01bb72,780d34a3-1f92-4db8-af08-24a71d5cec48,BEV-001
cd20597f-7549-4ae2-9090-d3d42fd80e6e,ba49f35a-b04d-41f8-b453-60120631fa89,BEV-001
c3de410e-d7ee-4b54-b423-456c0df0e84b,ad4c750b-6042-49ab-963a-56919aca5dd4,BEV-001
152cdaa2-15b6-4bef-a6f7-4ed373c44b17,54d45828-a63a-49b3-b64e-a76d44f4780a,BEV-001
4d25d925-c313-4f22-88b5-a950ee925f0a,71132fbd-8756-4cd8-9b99-097e6a750e33,BEV-001
54dd9b77-ce2f-41b8-94a8-3d066446095c,febf1fc4-4089-45cd-956d-31f640567ed0,BEV-001
f24d2816-fcc1-4790-bee4-fb17f585ec8b,a1f42582-1fc1-44be-9f40-de253688046e,BEV-001
88cbcbf6-5585-4792-8b50-426a50c6a8f3,8b424401-d121-4039-a201-231bfef58e06,BEV-001
9b766b81-cbb4-4c68-b8df-e9d4d436c9f4,05fcf786-cd68-4902-82a2-03de1109e696,BEV-001
b78c02b0-d2df-4c95-9564-9f36b6a43cd7,201e008d-073c-455a-87fa-92666dc6fde5,BEV-001
98a997e0-27c3-4c2b-ad61-4aad8f0184ab,6750c347-2c97-4e6c-8493-ff4cab97c2f0,BEV-001
6a558533-f53b-47c1-9148-78ec4cda576a,9b467910-9af7-4c8e-ba0a-9af83dac2e5c,BEV-001
34012cf4-3c4f-41b7-b676-6232cff8d23b,7e26b1ab-5e7e-4551-a5fc-155a50c4e7bb,BEV-001
76429c3e-8c29-4e76-bcae-ba5ff04562a1,2bca7dd2-2728-4bfe-89eb-9b233ff161f1,BEV-001
8baec971-faa0-4f4c-8300-e6ff76e1711c,17b6464c-7b1c-4e01-9b13-51eae97d0bcd,BEV-001
543fcf89-c827-46b3-93a5-e607d794d0ae,826ec79a-fe0a-4d47-81d5-1d31b0edb9d7,BEV-001
d455f24f-6e77-4040-bedc-248ecddb6b50,255e1113-4798-43c1-b82f-733b60e4e8f1,BEV-001
886b1f5a-c155-4733-9e26-e09883c09cad,cdbaeb43-a3f6-4b3c-979b-d808e2b2aa4d,BEV-001
4265f030-d12d-4e14-8b54-23051be122ff,7f1eb9cc-4ed9-4e0a-a1ce-111f286e8d81,BEV-001
be1b12d9-acb0-46d8-a55d-6b130ecb8e93,23262c15-fd66-43d4-be57-1302000f42e0,BEV-001
ed2e55aa-609e-4bbd-909c-66207ef45a77,3150585b-f651-4195-b7c2-ad4a9a02c2af,BEV-001
8412eafa-f089-4e05-bc1a-73366a524d59,d8bb2586-e81d-4a82-b27b-096cf8be1152,BEV-001
3cec0bb2-b456-43c5-bdc2-4d8f8e2e9242,4bcd5547-a00d-4c8a-9b34-0428b8e06362,BEV-001
a2292264-1f79-407b-b0f0-1b1ab3d8dae5,d4e0399e-4638-48a4-8a2e-aa895eed8bfc,BEV-001
2ae6be27-3aa7-4458-a7a1-5d1470f4f7ce,3f95c576-646f-49d9-85be-d28c864e0ede,BEV-001
d5ccb517-4216-4a69-ba55-101dd77589e5,01854e2a-5a2c-48b3-b8f4-579bf937cab9,BEV-001
53216eb6-6bd4-4ff0-b4ea-0f6a4e9969ad,849cd8a5-e1f0-40a4-a741-4f9cc4f38d74,BEV-001
c80249ff-665b-4cd8-b149-c9f7296296e7,a7183b75-85e6-4e02-97ea-b61597b1683b,BEV-001
2ca4d240-afb7-4d0c-9718-f81ddd362b16,e9cc1b60-fac1-4828-bc2d-993403fb610d,BEV-001
f87dfeba-8d38-4302-a330-e7d6e2583de4,2694aa2d-b52c-43de-8c89-7d6d3a768e09,BEV-001
1e9bea0e-c1df-4565-b0d4-f7f5b3b75db3,67e87482-f48e-4b0b-b160-90aeca9ee0c4,BEV-001
ee77f63b-c6e0-4fd9-88bc-4f881131ceba,1bfe9738-7cd4-43a4-aee3-435ab9270440,BEV-001
e9d3a19e-507f-415b-9ac9-31e477469037,b2e9aff2-338b-4f20-9378-a0e305e849d6,BEV-001
6d963226-f941-46b5-8b0a-ac12de24f27d,abd79333-f04e-4235-bf23-40d075e5b09d,BEV-001
4dc19472-3658-49f4-bb59-d92ae97c2009,a2e03325-0fdc-4674-bb75-3bc3e639e8d6,BEV-001
7b2013bb-278f-4d01-bb3a-6767cc5d89fa,0eda01f5-d832-49cb-985f-67296fab933b,BEV-001
a2e2111e-b955-4738-9969-77d49b91d7b6,89909a36-64f5-4186-91e5-365f994d72f6,BEV-001
ceddbc9e-ba14-4b6f-bc7a-ea2f5bb7f8e9,8ac111fb-f093-42be-a5e6-1826c77c0c7d,BEV-001
8df79899-5c8d-44c4-8067-5845437b1d22,b4f46bc1-e54c-4108-b7f1-2daf9358a965,BEV-001
93d585f0-c1e7-4d48-9b0c-95dcbcc1b432,63afb000-6951-467f-9bc7-991c7b64804f,BEV-001
918e8592-5e91-4729-bcf9-871dcccd9546,0eaa1608-c0bb-4f4a-9951-6df3ce1c7b9f,BEV-001
8f925bd4-0955-445c-bb20-7839c98aa525,aeac170f-5392-4ad7-b74a-521e1d0fbed8,BEV-001
e79cae41-331b-49f5-9ec7-d32d859be8bd,0b2628b9-2d1e-49a7-9d67-1cf776631e65,BEV-001
95c5da6c-473f-442a-bbd6-dbbc7994fcd1,1548d6b3-190d-4c11-afe5-f355aeaacd79,BEV-001
9e027196-1588-46cb-902c-659b958c82a6,179a6a19-7a6c-4947-b22a-083dd549f18d,BEV-001
aab3c3ae-40e1-4603-8967-cda98c3a1cb2,2ab6cb82-bde9-4609-8437-01be2c515315,BEV-001
ffeb24ea-4dc1-4b58-b32f-3c0a32104e7b,0be934ed-73ba-43eb-8f77-ef0b97791682,BEV-001
2d8a783d-f6a8-4344-9455-a5da3d375548,364a0597-5c78-48f9-a223-8c4a1149d28f,BEV-001
5337e576-fd43-4849-9b52-b4af53e564ab,82d1d88d-8236-4c7e-8776-7c312856bae1,BEV-001
db1014eb-5770-42e8-85a7-af03e7143ceb,82d1d88d-8236-4c7e-8776-7c312856bae1,BEV-001
91a929c4-ef9e-4b59-9e83-a99dc2df00ae,460238ca-74e8-4479-8ced-ae45bbe8bcef,BEV-001
fa694cd4-0c8a-480e-862e-71eeda671fe8,a2959523-ed26-4d66-b568-ee9a4a7a3e44,BEV-001
77d4bf96-17cb-4865-b960-486eaa6a62bc,dd3a9d21-9412-48c1-830e-43267468f79d,BEV-001
de389ae2-f64a-4923-961e-b3afbbdb370c,7a2096aa-10f1-48c0-9f1f-2cf33e8c688b,BEV-001
a980dbf4-2d84-45bd-ae65-5e76e3e930fb,e65c3493-cf3b-476b-afd9-47d999ce829d,BEV-001
a3e97ab5-38c7-43ba-a579-323894bb256e,7e64e2d8-e723-4c7f-8fef-39ab0694fa5c,BEV-001
efb5f931-198f-46f7-a15a-a4d495970ecb,54f144a3-b735-4907-8233-3536edd1ab19,BEV-001
cf1580ed-a94c-4e28-beba-ad5bfa8357c4,cab76ae6-e9b1-4668-a520-02ed9baf8029,BEV-001
6a82b7ad-3817-4a65-8d8c-ace82890f6ff,d644034f-56f0-4600-af28-2a368327e5cf,BEV-001
020c7c3e-6fb4-4a2a-a8c6-efae5322f5b9,91c45a03-851b-4bdd-9ffc-f36aef7a6bb1,BEV-001
479cf873-ab1f-4d54-920e-82e1c6c1fbe5,91c45a03-851b-4bdd-9ffc-f36aef7a6bb1,BEV-001
a898bb42-63c1-4417-abee-9011fa4a3396,29f3e4f2-4a4e-4610-aba3-fe5d187c89b1,BEV-001
ab923827-2142-46af-8890-e06de320a445,ae52978f-db33-40b6-8d1b-5be285cda2c9,BEV-001
47a880f4-129f-4f85-90ca-71a11aa41da1,1e72532c-a246-4cee-8b84-acada307dd8e,BEV-001
1b9c363a-8806-4ffe-8bff-aa18acb50c65,a20ddb4a-07a4-426d-a6f5-fb901af12f9c,BEV-001
f3403ea8-7fec-43d4-b442-9fcbe0ed8491,b507d345-fc5b-4ad3-ab4c-0b8a7bf88845,BEV-001
5614e54a-7a57-4581-93ad-a0ff9853023c,124f2232-5dd8-4d07-9138-192131180957,BEV-001
970ea1c9-1042-46a9-98e1-19a9f19ce73c,c36d215d-a304-43ec-b090-265716f01234,BEV-001
2facb31c-4bad-4d44-b6cb-5f09e318c597,19ef63f1-dae6-4293-9e30-170430e46d36,BEV-001
2b9a314e-c983-4fa2-be6f-c5c84512ca75,bb6e4252-c9cf-4c5f-98e3-28d54d854e58,BEV-001
cdde4728-8d8e-45b2-8487-80aae4ebee9d,46958b30-9df9-40b2-9fe2-3522c3d34278,BEV-001
66955625-a870-4c3e-979d-84fac8bb1e22,dc6ce591-1de2-4746-a8cd-26b8d15e7346,BEV-001
c51b2ccc-92ce-40cd-a646-4f3c938e2c17,07890b55-cf9a-4f31-a20e-4ec2087bf1c9,BEV-001
3bc08eea-0642-4a6c-b975-132073536072,07890b55-cf9a-4f31-a20e-4ec2087bf1c9,BEV-001
19071aac-7ad5-459e-90f6-4017ea7b01b1,7001f92c-29f8-4653-92ff-f6e4281c047f,BEV-001
82fc2de5-beb8-4606-95bc-9b91f297237b,b05a6b1a-c58a-4246-82c5-a96fcdf80d58,BEV-001
9744e426-dc16-40c9-a3ef-0a7af20785e8,614e23e5-d196-4b7e-b3ce-94be3dc42225,BEV-001
c73e18ec-3235-46d0-affa-3af9527e1f95,eacb5536-ded1-4314-8ee4-4f61d470aae7,BEV-001
e4946523-4096-42d3-83fe-09ff3414a2bf,45da1bc9-9f04-48f9-bbfe-6a882a8e61c8,BEV-001
2ee1661b-2009-4fa2-bec8-a006771b6303,463910f6-0ab0-4f4d-a178-6bfaa0108421,BEV-001
e6e46511-663c-4ca3-9206-5ce916c3e569,9fabb1b2-edad-450b-ae36-c6d38ec6d57a,BEV-001
984b2c55-1b1a-4e7c-be64-79c22dc047b2,0481a1c7-3521-43de-9e50-20b3cd0a6855,BEV-001
0e1e16f6-467f-4735-b1ef-f559b6bf63b1,88a413b6-c39b-4a1d-bdc7-7aded45da666,BEV-001
ccf44580-60be-473e-939d-e9dd395987d4,0ca49577-b18c-476a-ae68-fed702ed930d,BEV-001
fbf8ac15-6a64-40d0-b003-597c37a07fd7,a987b73c-9339-40ac-a21c-4dc1a086a310,BEV-001
92ca7f34-1e6b-4ce3-948f-aac57e013505,dc2f0fd1-6e9d-4818-9acf-ca2c5b0390c9,BEV-001
7d9cd347-5de6-4aa3-90dc-63111c57fbf6,42122f5b-0d61-4258-af4b-bf9718caf939,BEV-001
fedefb91-c880-4b02-a9d2-dfd7af2d99fa,d42e3137-c2a9-4b53-862b-4a43f8e901fd,BEV-001
e07bca39-ad01-4130-94a6-9d88decb5d57,26f7457a-48a0-4fc9-8078-7348db16f8aa,BEV-001
e6678e1c-aef2-42aa-8ced-86f0976c3942,31bf55b1-6a3c-4061-b19b-38fc159fe067,BEV-001
1e950dba-7849-461d-ad30-0fe0ace68478,c9e22a64-af50-4821-8a8e-7cdfcfaaaa24,BEV-001
77f21ae4-e0d2-42bc-a5c1-72b830986576,28d1ab6d-a499-4e95-aeb2-18c4b4d487b4,BEV-001
cde9a793-40ea-446c-8a10-e5f91b378ae7,2cb9560b-9fe4-4490-a56d-bb30cfe295ee,BEV-001
d6ba7fb2-3f9c-4a41-93c5-4a1030f0dcc2,1fad107f-479a-434d-a3c6-267bc5c81e63,BEV-001
feac0f72-6564-4283-939b-f7a0313e63ea,c9ab9863-464c-4ea4-b51d-6f85056a9cbe,BEV-001
5de09dbe-e907-4b1c-a5e1-9568f32b7a76,71612a0f-0c08-441a-8c9d-ebc36af61ae7,BEV-001
d47ea3fc-f57b-44d0-a53a-ef26b1c26f7c,16df944e-02ef-435d-9898-c1ada42a02c9,BEV-001
aea451aa-6f89-48f6-9b25-c445ba1b4edd,f6a59c2c-9b88-4d1b-80be-6beebf1a6825,BEV-001
1ca0ac2e-6d94-49dc-b275-72bfa6b0d214,b56cbb03-98a3-45d3-905a-8ab84bc87cec,BEV-001
97065b69-d195-4f84-bab7-bf2495aa90af,fe349653-c6b4-4803-add8-dd464e2d5a74,BEV-001
f00a8c22-8513-42df-b941-ef3969eb1eae,8c2ee871-a707-4c66-b8bf-fd02382cda37,BEV-001
478b7296-caff-42be-a191-5d673bd6a966,c667f26d-eeb3-4c32-b3ea-4535cfb5f92b,BEV-001
8c49a56c-34f0-4f52-ac63-b7a461b159f1,ff78d1f5-e523-47ea-be51-f4f564535f7c,BEV-001
7523e1d1-0b14-4c9e-aba1-b7299f832f97,9ed56609-cb6b-438c-80f1-0432c9f20d9e,BEV-001
edb86c17-8e54-4092-a30b-d69f856cac4a,51ae754f-6b79-44f2-a000-34b54580b76e,BEV-001
6aa7b3b4-5fac-47f7-b96c-b0a3c507c1d6,bbcdaf07-0d5b-436b-829d-e2164b601757,BEV-001
2d49c52e-5e6d-4532-adeb-561a2ccaa1a5,e03a5bf5-ae55-4452-bfa1-20e24ea54584,BEV-001
5e0fd5a6-fef9-4930-aa86-9ac13f90a075,de071899-0bbb-4e01-9075-f808767c8e15,BEV-001
65ce3393-4366-4662-8abb-4db504dbd970,881d33af-7ca1-42bf-b1ff-ce9549d752ce,BEV-001
eba69bc1-23a2-4190-9295-10236eb58e4e,43c3b01b-bc0e-42c5-9c2d-df4e59601e5b,BEV-001
6a4ebe65-f7ac-40b3-869d-f01e3d5b62d9,ded29678-91a2-4a46-a023-eacb5dc4baf8,BEV-001
9dff2213-53a4-41b4-9182-bfed334d453b,dc760f9c-10dc-412e-988f-495faf2f55c9,BEV-001
92d0053c-c239-43de-9c73-32d18dfc2fed,f1f54f0f-ca75-4217-b483-de4618ce5da2,BEV-001
532cf647-333f-4374-b148-b39204662b30,1a456973-fdd9-4663-819b-93363b3e54d0,BEV-001
7fb9fc31-ebf5-4076-be1e-fa186f20ab8c,3c94fe54-1131-48fc-a31a-c18edf89f9c6,BEV-001
5d690dd2-a9b6-4d21-a7bd-bf6714d136e1,b8de0c7b-f176-44fa-a1da-5ae50c563547,BEV-001
02635355-4817-4644-9358-f3ccaf6d8919,8c4b4911-7314-4dc2-82ac-7d59f4cb2616,BEV-001
0c59b3de-885c-4471-b782-0b2626a7e4c2,ace5079e-2654-45eb-9a81-cc00b9922adb,BEV-001
8e896a45-7bcf-42f4-a841-6112b9eb1e56,92ecdda5-1c22-43fc-96d5-5d9ae2dc77f7,BEV-001
a3a68884-1627-400b-8f43-ad7fe54cd828,8044ac66-395e-490e-818b-178c9667664b,BEV-001
d7e27c67-e9dc-450d-8a4d-ff8f3620488c,36bc2f1b-b99e-4fe8-b61b-b19f06987124,BEV-001
20600894-22e0-45e0-8d41-79cd71510b99,aee2aa46-3c52-44fd-bc01-d2a4422b200d,BEV-001
f269fe28-c5ac-402c-8832-9b4a22e86040,d2538572-4453-4b3d-8ebd-44de1c0e9bd3,BEV-001
df56e723-a663-4f9b-b0e5-9b202cc1d02d,bacaca30-bbe0-47dd-8099-04a7de3abf7a,BEV-001
d29de3eb-9f84-440c-b784-cac33c8c997e,2da149c2-80f0-4061-b1d4-e72be8831741,BEV-001
a964e231-ee8b-4f96-8a09-4bed724bd676,44e10f9d-edf2-4fdc-a8c7-9a655972c53e,BEV-001
f82ea6b8-0524-4774-97e7-b0936f2136f0,a6936512-b6c5-4ae5-aeac-4ab515939587,BEV-001
80435732-0193-43ed-9e95-e4789666f91f,69da395e-1de0-4188-979a-9d544e7b80b8,BEV-001
655d57c1-2345-47a3-8df0-c981bcb0e46e,972d776e-33e1-46c2-8ddd-54cbaceeb24a,BEV-001
dff54b6a-528e-4cea-9e86-affc5b9487f9,fcaadbab-8e9e-409f-bdbb-6592523d09a4,BEV-001
9f7160df-3a4e-499c-abc4-4d94fbe1be4d,7fe1cc59-057b-4991-9a1e-09fc97cb95c2,BEV-001
567b7a36-a8b8-48bc-9015-043edf4c4ec2,a72ea68c-7a11-4d9c-885b-eb473867fd18,BEV-001
0dee261d-33be-4239-ab80-5cc5ba7b03e9,399b4ab2-f459-49f1-803e-4caf9d8eb8fe,BEV-001
d28a1e5b-9170-41c2-b470-955713bb08ed,40b0085d-768d-48ea-adf3-911ac8e04d6f,BEV-001
92aba6c2-d3f4-4ceb-80db-ad430ada8cf3,1d27a548-e5fc-4e9d-99c8-9783b355d7bd,BEV-001
8079c54b-2f8e-4908-8a6d-680e678e6aa2,1d27a548-e5fc-4e9d-99c8-9783b355d7bd,BEV-001
09052219-03b5-45ce-a52d-a28007d688ed,af37de11-0059-4eab-827e-6e438f6fb6fa,BEV-001
6336d0d3-4f22-4a32-94aa-9083326e416e,8cc3aaee-b590-405e-a1dc-8cc6e02d4e52,BEV-001
f049f629-c0d3-4581-a954-a9d26a4a0c0c,5b843a02-d74a-4542-a075-c6c396ab4578,BEV-001
cae04264-9ee1-4cd6-9dc9-b81b8621d5de,5e54649f-de27-40c6-ab1f-752a595786ff,BEV-001
1a85e4d8-c663-412b-abc6-0423da0b4b4b,bc0f9a01-64a4-41a8-8b8c-ed06ecea0cdc,BEV-001
2242b127-1060-4e55-8cbb-366566a85970,a16e920e-ace2-4025-ac37-e1fce2ba4f44,BEV-001
150e77e8-1f3b-4404-b0d3-9b0579f51ef2,72a7c7b6-39f0-4155-8907-4a2a10c35482,BEV-001
0986a060-62ca-4a2c-a15b-cb6686e2707d,e2241ac2-1cb6-4cae-971c-e680c65057eb,BEV-001
8c2a3320-092f-4bac-8690-5f7e809ecf82,71f02563-709a-482e-ab3b-fa4737fe63f5,BEV-001
1a9a4a39-7ee4-471f-b459-00657de857f3,e7d18b3e-607e-4ca4-910b-04ab9c02b90f,BEV-001
7135e1ee-10c2-438b-9882-911f0da37f71,3a8ac4cd-2bfc-47cb-a8ba-bd43fc747358,BEV-001
3d0db2da-4ac3-4628-8e54-961db2a092df,5e217cfa-574b-453a-84f6-60e034bc4714,BEV-001
66baf6e2-0308-4c8f-8251-9dc0efed1b55,27f6100a-8f95-45f2-bcf5-f8c364ec4c7b,BEV-001
b51ce956-24bf-472a-874c-7f1faec636b0,4d8176f7-5dbc-4e05-a76b-494e97e145cd,BEV-001
77531c01-b28f-4c23-aca7-e36a6f177d68,448b43ff-7422-4565-8d59-93c40e44b3e7,BEV-001
5da17b09-02d0-4e47-81c5-67a3086646bb,a283b0f2-e6a0-4ba4-9e7e-7f6bfe09a7c1,BEV-001
3b878f50-cdd4-46b4-89e9-e08f0d8922a6,32cb7fd2-817b-43ec-b03b-e8a44d9b71c0,BEV-001
facf082c-5d43-43a5-8b46-89f7cb02d3df,e1ef8526-9977-4c59-8906-60012407ea86,BEV-001
9dd499b2-b85e-4203-8980-b42ed31b796a,fb814136-6fbe-4350-90c4-b2bb1c949a27,BEV-001
3fd12cf3-2698-48d3-bd19-fd2a59b85d71,bbdabfeb-19d4-4da6-9d38-bf4d26300d72,BEV-001
95c597d6-bbec-4445-837b-b24308a68031,bbdabfeb-19d4-4da6-9d38-bf4d26300d72,BEV-001
e22ab832-67eb-481e-824b-687a8e42e688,b8967758-3434-4046-8058-f1135c98162a,BEV-001
a1530d86-7573-4334-9492-718803792df8,47e30b43-e4fa-4936-92d8-09c7b834e286,BEV-001
de43a4c8-ef62-420f-8f96-d56bc6f56819,03c7ac9e-e284-4491-b84e-a5000d2266f6,BEV-001
45261a15-4a74-45d2-834d-cea1db06f0c6,1758b531-b93f-47d3-b019-cadeb1707c06,BEV-001
c984b7d4-749d-4d74-915b-22986c96b5eb,e4fe4282-45d1-4a7b-b1a4-fd7c6eb8c958,BEV-001
ec5a964e-e1a4-4196-8dcb-1f97b95b52e6,20a8886a-8835-43f8-a6c6-106ea2f3385b,BEV-001
3ea6283a-cde9-4098-a769-2b8d996adc44,3fe741e9-d2c6-4515-87e7-aa4c21b4bd7f,BEV-001
45f79fb6-673f-472e-8eef-ff6d6500793e,90f10983-b7aa-430f-9a51-34907d3023a3,BEV-001
1782027b-4eb3-4c51-b868-3eac5190cd95,742292ee-ef16-4ffa-9fd4-13c3e57ce00c,BEV-001
ebaf82b1-8f09-49ad-a135-47ac47bc8488,68528dcb-eac3-483c-9e1b-8fab2bd2c570,BEV-001
9315ab9e-6f15-482f-bf2d-545a89383506,5d425496-2ff1-4d58-b507-8780830b4d42,BEV-001
8d2e8af3-7dac-4db6-a441-562b4823cc9b,7850dee9-1380-4669-a235-7f453be0519d,BEV-001
85e23bc0-53fc-44a0-a327-7c4e93018fde,bf7d21cf-84ca-421d-8a55-dbbf05a95b61,BEV-001
b0d99f37-f953-420c-8798-8e408dc41206,26aa70b6-281f-40fa-b55f-15b008c5bf28,BEV-001
4e05d295-654c-4b49-99be-4475b2e76d8f,37c12350-2e47-4ffa-b9a9-7cd10ddb2469,BEV-001
ecb61dea-8510-46fb-8be7-968ff81f6eb5,944a4082-8689-4df3-afeb-5483d0270d2b,BEV-001
ba642b3f-ea15-4cd4-bea8-254092ac2962,e7d1cf18-9ba7-4824-b339-a3d413a8e619,BEV-001
fc85def2-732a-491b-a64a-a0977635e282,e093276e-1ad7-4a52-b672-04e64d081750,BEV-001
164edb0c-0b5d-4fc0-8828-a6caae04b5a7,a626c8de-06e3-479b-ba5b-44942cafad3d,BEV-001
974f7281-b47f-4832-a73e-8d1674f7fced,f28c355c-14b9-4a4a-918d-00e3f2ff84b4,BEV-001
8d0a0d7b-562e-4e80-8b80-79cac059e183,acd4941f-0f3c-4090-98b7-c9b07eff4cc4,BEV-001
bc4d998c-911e-46b9-9e25-b953406fd0fa,7b5f82c2-ba99-4c15-9783-1852c1f1d11c,BEV-001
04c4e40a-6c36-49bd-b6ef-be91070970b4,8d8db70f-7d2f-4bbb-81ef-7b6376612aca,BEV-001
3c4eb545-fab8-4036-afe1-4011aa7f2695,8135a5f3-39ef-45ac-b1e5-8d99e349ae4d,BEV-001
9476ee7c-54fe-4e52-a089-aabee102e582,2622eda5-dbbe-4438-949a-5efe06348e32,BEV-001
528e5744-4f1c-42f4-8aa7-99c4cfbcae20,8e71baf7-6860-4344-873c-44ba969e8a44,BEV-001
b6a094a7-c36c-4361-b0da-f14b1731b225,463260ce-d7bb-4b2d-b7a5-c985a5058f4b,BEV-001
cdefafda-ae29-472d-965c-7557ee7e1591,463260ce-d7bb-4b2d-b7a5-c985a5058f4b,BEV-001
c2dbc717-1db5-4f90-8a25-fb2dcca15b2d,91847b2e-e171-4a0d-9dd8-2484c146d8c0,BEV-001
34342da9-c823-41f9-bc39-5c086dbfe59f,860ea002-6934-461a-9364-470961d72750,BEV-001
134823c5-ef56-4777-9e89-5118b88164cb,b08d1754-9cb1-4cd7-ba2e-4561d19fbde1,BEV-001
b8819397-f588-420e-95c5-16d0b5cf907a,09ccc44a-a9df-440d-8d34-1905f02236a5,BEV-001
9ccfbb42-8b54-4b54-87c6-76cc4c6d251c,578621f3-fb57-4c5b-be5c-2130a018ed9d,BEV-001
052bfd0f-fdb7-4e6c-9507-40bbd5a30197,5e72d72b-9785-4141-b86b-1abe0dde19c2,BEV-001
aa013dbd-45cf-40dc-9804-c4586fc98cb0,53d92891-6cc8-48ca-a79b-636e47169d9a,BEV-001
af2166ec-d8da-418f-b4b0-59f8f8da542f,579818b9-3d21-4b6e-a5a8-40ed185c58ec,BEV-001
59922789-fbf8-4606-af1f-9d466ff97c90,b37f2c2f-da08-4f9c-8b01-b1c51e87b205,BEV-001
a4562c06-8206-47c6-82b4-04d993a40c8e,ded0f95b-9a5a-46bd-b566-f359a57f2059,BEV-001
419c1d9b-98a4-442a-9d62-28489788914c,e3680cfa-ae02-44f8-adfd-b16e06144a80,BEV-001
a69ee397-0689-487b-ad92-bdf1bcdd8d6d,7c42a1ec-70e1-46b3-9d3b-3b40b96fa047,BEV-001
edd28e74-5b79-4dbe-85ea-5b73ecf364d0,4ff8fdd0-aa05-43a2-b2dd-2698b5800948,BEV-001
117a3f2c-a6d0-4f82-bf53-994dbdc04ad3,e0f74d5f-16fe-406c-8b7e-63e5f720ad0f,BEV-001
3909f6f6-6434-4508-a0c3-6c9409280486,00b4c873-bdd6-4168-8408-5a968fa87c1d,BEV-001
a3708571-32e9-46bb-9d31-4e7bc32bb4ea,46068c8f-4462-4836-b67d-72eaaf79f2db,BEV-001
79a7aaa1-99a2-4d69-9dcd-62f5ba88f6c4,40cb343a-f964-41e2-b233-1df91314acde,BEV-001
af545465-5490-4595-b6e9-3e4a315944a7,0da6d63a-ea2c-45e8-a335-435621dfeac0,BEV-001
71077e03-6c8b-4313-a4c9-d0fa87da1fc0,5e5e4a7a-a6eb-45e3-8eee-7a946f4308d3,BEV-001
f3bb6a4e-53b2-4000-a025-ae5562e94e51,63b64979-0272-4087-8b02-bbbecc06e5a9,BEV-001
bfe9bc74-6e0e-472d-88a4-a6e24c96d0d6,7de0310d-f0dc-499d-8138-68a88c0bca21,BEV-001
be414d91-0654-4b02-b9e7-1510624fe173,583f3b8c-7625-47a7-b1b8-6d21bc29c806,BEV-001
ad52c4aa-61e2-4630-b353-6da782df6d09,1c789e25-e170-48f0-9770-16a22732b842,BEV-001
7b538008-3ff4-42c1-97f0-890061063690,334e6d39-1519-49dc-89bf-038c433110a2,BEV-001
ed05a894-4dde-4fa9-a385-add1597c89d8,22393668-154f-484b-9a29-9087e78082d4,BEV-001
b9d46f7a-cb22-49f9-9a41-396e8a8788c6,010785b8-a6d3-4387-80e5-f56464065697,BEV-001
a347d0ac-696d-450a-8e5f-1398203c2303,f2d8d52a-4dbe-4167-acb1-6e36cd46190c,BEV-001
45056177-521f-4879-8e04-01cac4b54e05,8862de6b-1d6e-4c9b-9278-68fe11086210,BEV-001
2091463c-b9db-4cc6-b698-fba8de3550b2,9d9a0b1e-c4b5-43b4-afdc-50881a40476f,BEV-001
e8d793e4-4d57-4ecf-ad51-46d61de34f95,12ae88b5-cad4-4eb0-bd8b-2a06536a5d3e,BEV-001
01a0245f-8ede-4813-8649-e5b80dc13f5d,12ae88b5-cad4-4eb0-bd8b-2a06536a5d3e,BEV-001
da35e8e6-6169-4fdd-96d5-4a879e86a315,d18a038e-14d0-4d2b-b43f-7a88ee3d481b,BEV-001
171fb9a9-b2f4-4dde-9f79-4d91ffff1d38,9d552f62-767f-43e9-9147-ec9c59bacb0f,BEV-001
f91b3a8a-5f48-43ca-af1d-438e3cc70fa1,fd7e888d-27cf-455f-8eb6-9f00bb08c7f7,BEV-001
ba76e441-e954-4626-a46e-4231926d35d1,19585ccd-8e4c-4d67-b7a0-cd0c6bc6916a,BEV-001
11cca3e9-5d5e-402e-a58e-33cd298af304,b051fc35-201b-4122-b634-21fc60398f77,BEV-001
314326cf-8979-4cc1-9c23-a2f1a602c20d,f6b567e6-1083-431a-a065-2bf132251e11,BEV-001
1a060002-fea4-496b-b5c0-747e3dffc1c6,685503d5-a183-4bfe-9ca8-6746df23b0e9,BEV-001
07486dc3-32a1-4458-a718-a248a8adbbca,c137e6ff-6e7a-4486-ba39-82f7ca15a73f,BEV-001
25920851-28d2-4360-ac0a-47d753c8d30a,b2b67d94-6228-41a1-965c-7964f179f2ae,BEV-001
3fc411ab-3af9-449d-9423-42263dc5783c,1e560559-c33d-4af5-8239-83b4cad43ec8,BEV-001
c274c977-1b33-4774-9fff-c488f564ea69,ebd742ca-6796-4401-a387-dbf9c6bdd5fb,BEV-001
67994420-e758-4908-9af4-b1f1200f7a87,6c75f05d-bd3f-47f7-bc6b-d7394756d8af,BEV-001
48ef9902-14c2-4577-8db9-fece569d6edd,6c75f05d-bd3f-47f7-bc6b-d7394756d8af,BEV-001
0a9c187a-e795-442d-8bb3-50776a592e66,3cf5073b-692c-456d-a71e-3e7b35af0002,BEV-001
68488903-f69f-480d-a6bc-9f5596c96494,3cf5073b-692c-456d-a71e-3e7b35af0002,BEV-001
2abb8b4f-6553-4153-ab55-b867c5bf9aff,7c10c94d-eba2-4880-acc5-4220d283a367,BEV-001
ade37a0d-798e-441b-ab25-2204b1b213e1,9f5675ae-2862-4c58-9474-47dde0952156,BEV-001
b6d814ff-7f9a-4d29-92f4-32c97b37b7c5,39ae2ac9-517c-49b5-893e-512855e2eab5,BEV-001
c5e73789-53a2-4fcf-a852-b5e555a76d21,39ae2ac9-517c-49b5-893e-512855e2eab5,BEV-001
e5ee3a90-bcf3-4e32-bd9b-12cb44a09e42,fe7c767c-1ac1-4436-a40f-e792e560f101,BEV-001
49956932-2bd1-41d9-9241-a88e4890c063,8a60a58c-794a-4161-b7c0-9573cb380b6c,BEV-001
10fa5f2a-ea01-47c7-b327-f9d8c041b79e,d154929e-5fea-45af-8c30-619ea919a2e0,BEV-001
4691d30b-c65a-4858-979f-bb691dcc8e16,d154929e-5fea-45af-8c30-619ea919a2e0,BEV-001
5efc7171-cc40-4ff4-be08-fd814db3b99d,9a941eb1-c338-4c6a-a74b-7ac06335a9fb,BEV-001
f1015bcb-2da9-44b0-9404-0c49118bce96,ab086832-425e-4a87-9515-379544f29f23,BEV-001
ffba7f26-a170-4df3-8ba5-2eb5e99b5362,5c56bdc1-60ae-4678-b594-449511ca14fc,BEV-001
f0ee1795-6216-46a4-8f07-40ff33a00730,271cd9ff-b5cc-4a7b-8541-4b6f86b577d5,BEV-001
4fbda3ca-588a-458e-ac52-ad1e0d0ff062,4a687f1c-2cb8-48cc-aa3f-5d0812a82bfb,BEV-001
63e47eb8-fae9-4c07-aa68-e1a2229bb130,5b0004be-010c-45fa-9ac6-165374a492d5,BEV-001
3653d9bf-0e49-41c5-8e78-da767e375df1,1a710723-aab0-4839-828b-d0554a228287,BEV-001
73c7dbc5-fc6f-43c0-8902-48cb0cfda969,cf118e4b-ec45-4df1-be47-4f1202dda948,BEV-001
a0dea1e7-97d1-4b8e-9a80-2528e096a928,f5c3bd90-c261-48f6-86de-82b784fe3e63,BEV-001
f6a3d3d7-7f79-49fa-80dc-2058afa2afc4,772dbc14-784a-4dd3-8ea7-f60b40a6daeb,BEV-001
8c50719b-ee96-49c8-b320-dc6d4200c729,8ac86be6-76d5-43f4-8374-483c8f287eff,BEV-001
21afbd65-7292-439a-b39b-8326ca8b2e40,9468ddb8-0f88-4694-9d04-f274441174cb,BEV-001
82c02f6d-5926-472f-88ac-3acc05006faa,f9ad014b-85f7-4933-832f-9ab6a738b225,BEV-001
06fad344-7873-4c6e-b589-75d880d3d6c9,5a3b1475-7fe2-45e1-8110-d3683858d53e,BEV-001
a9a164ba-7c67-49cf-9ccf-a3c9e3c89368,2cf22c21-e7f2-4fe3-93de-2f0e0356f1ca,BEV-001
fba274dd-c14c-4fa8-b21f-dd86216dd4b2,06f742c9-4243-427c-b4cb-b2175c848f0c,BEV-001
1c54d810-a2f0-4c05-b0cf-ae501be13812,06f742c9-4243-427c-b4cb-b2175c848f0c,BEV-001
462fdda5-ccef-45ad-a7c4-cc7c22523780,b7d6f963-6468-4be5-8dd5-e0620d63642c,BEV-001
a86abdc4-a02d-45ce-a878-3b4c42d08de8,5442d11c-706a-484e-ad56-c2090f1be9ea,BEV-001
323c3417-2eee-4f9d-888e-95db88d761d5,c9286c18-77fb-4db6-bc99-e3d751ed31f5,BEV-001
dc21699a-61e6-44de-a49f-747170e2dc47,0961054c-c2c9-4f5c-9f44-c5f7f4420836,BEV-001
3791af1d-461c-48c4-94d5-f583612baa09,5f5d59d8-538e-427d-a612-7b29838219c9,BEV-001
9c91168c-9224-4a72-8814-83c3245dba17,91c45a4d-1dc5-4fb8-97e6-7efede70f600,BEV-001
4c4b9bb5-dfaf-4f1f-ab6b-4054e5b33de1,7d1f9636-0746-483d-a51b-afa13b28b60a,BEV-001
7eb89a3e-673c-4142-903b-5d58963e2985,d29caf5e-afcd-4b21-af1a-adff925bbe5a,BEV-001
d2cdf34c-744a-4dc5-9121-dfb6d8f01a78,e5e681d6-f631-4cfa-8bbe-c7a56c24894b,BEV-001
efc5f16b-538c-4dee-bfad-7d8db4dd23d7,5d869a3a-ebff-4878-9804-6e0898a47a6c,BEV-001
ca8c8ffb-a011-481e-87e7-bbf0b38331f5,81e6b670-eac5-49ca-b0d0-94aa54c6dd50,BEV-001
b1dfc985-143e-46ee-86b0-383c072d2168,076e4c40-5d24-458b-ba64-600fe30a43f9,BEV-001
b78fbe2a-96b1-49af-84c4-ed6ccb49333c,115f042a-de0d-4476-9734-233160026fcf,BEV-001
6e3cbf25-01f7-4ac5-9a96-2c7f68e3834a,81244f1c-7b14-489c-892c-6d2b06c9799b,BEV-001
bbb03f88-6b12-4bde-a67f-62a79f0a48a5,ede2eaf0-4525-45fe-8060-50d887e00e35,BEV-001
a716871e-e2e3-4477-9314-823f6c23ea89,4d7edc66-c2a2-4514-86c6-46677b98972f,BEV-001
b10df60f-a728-4425-bdfa-bd11945c4d68,d25bf3bd-6aca-4482-b5ad-575f3a1ce6d3,BEV-001
546c6260-3a05-4e5f-91e0-25523d2ea5b9,44e5d2f8-47a2-4e3c-81a7-561c4d52a514,BEV-001
17ac9e10-9e10-453e-a5ef-72bb6a67fd12,5250624d-daf5-4c05-a3ba-2e3df6e11dd6,BEV-001
e7ab034f-ad4a-47c0-b3fb-dd6068e711af,f800251d-6a01-4c42-bf1a-8e9fc90dfd00,BEV-001
ab0c7460-753c-46de-9946-7aa7647db43e,7512c99f-261d-4992-b8e8-3e8c2fc3a49e,BEV-001
389c7e86-d0f3-4c22-beea-90d782497834,f0ae460a-ae0c-4e1a-ada6-6d4e81cafd61,BEV-001
ae005337-fbb9-49de-b5ac-d1747ce70ac7,bff054a2-b25c-4761-81da-4973d762ec63,BEV-001
d1592b49-3ffa-4ca5-ad71-c324a9cb383c,10ca3ff3-8b92-4338-981b-3fd93975f1ff,BEV-001
a5ec0cca-6664-4174-9cd7-e7f4a1afd057,0604857d-4671-4b3c-8ede-ebfee4a67dc5,BEV-001
bda06447-6f8e-45bb-88d9-c7fbc1974098,b3e1541a-7cce-44b5-82ac-499ee6cc8019,BEV-001
19f29dd8-f507-4582-b31e-cd0dbb8d503c,f85ddf1f-f751-47cc-902f-59713a1ecab3,BEV-001
2f115c04-42ed-470c-9480-57e8e0a4758f,3325480d-c4aa-4cae-a064-979b932f0d34,BEV-001
152a7a68-b9fa-4766-989e-95c62055ee0e,61c0057f-4b1e-474f-9205-919a907c49f0,BEV-001
c7042aff-0be3-41ea-bfd6-c2a57076b65f,c9e422d3-5162-4ce6-bd20-f347eafd997c,BEV-001
e6d3f41d-9c13-4cdf-98e2-603320a7515e,d3adbaf5-8ead-4c88-a1ef-4d606a4c76c4,BEV-001
c621f309-2567-4b92-b6a8-5f7fff7ce28c,6831914d-91db-4bf3-b719-09b40a293aba,BEV-001
ccc4058f-ccd6-446a-a4cf-3bb25b1f71de,4fc2ab4c-b05b-42c3-8e2f-267c8d43340d,BEV-001
d9bc4f20-4200-4de7-95b5-84abca95e66e,b017466e-ddc5-40e3-b30c-fc3f2de14f67,BEV-001
42a82b94-1641-4be2-b137-91e5e0d6f780,36d1bc98-f447-4554-8a57-73e5fc974050,BEV-001
d98182d8-842f-44bb-a943-2d3086c7bd78,eeeb9476-3efc-4cf4-a60e-b9a36a4b694b,BEV-001
292eb5d0-2ecc-4062-9dc5-1a0f17e28961,fcdb4b19-bdeb-4ffc-8a60-977ce65e25d4,BEV-001
8f2bc9fd-92de-414d-a3a4-a1b407f3c84f,79103b20-0592-41a6-b059-566eb158f882,BEV-001
eac557d3-8fe6-47ca-a94e-1c842d308ac7,8bdabedf-4d4e-465b-95dd-2aba9928c402,BEV-001
a82cccd0-129e-44ac-a561-9cad16e1ffd4,1211e8b8-c5b9-46f3-b1f1-8bfa3b2c43b2,BEV-001
6fa35a1c-2988-47f1-bf54-a1e9aa15d88b,173da1c0-e751-4489-b942-b9591f74e207,BEV-001
fa7fc989-cf6c-4554-b606-88af1c894c15,0e96d412-0add-4dc9-8966-255310abdb1f,BEV-001
8a3f062d-4af4-434e-b96b-dd135741c14b,d79af377-170d-4dad-a372-22f9f74056ad,BEV-001
861db7c3-3d52-4c0c-8a47-9a0fb3413f11,8ecaebc3-8de1-4647-a58a-79137d71f431,BEV-001
cdab4026-fd83-454b-b28e-7f5a44235cac,b5241057-b55e-45a8-92c1-82fb192290ef,BEV-001
5948ef54-bace-4795-a20a-a03a1cec45ee,ed819472-830e-4fd2-85f7-2e1a8e0b145f,BEV-001
0bc89aa9-2a83-495e-8202-7908a0431094,991a3c3f-5db4-42e4-bd95-bb573c057db6,BEV-001
c0029e28-49cd-4bf0-af37-691e3dbee30f,5abfbb98-874c-43da-992c-52a18a3a7157,BEV-001
ccb32ebb-f159-4540-930d-2dd52d57dc8b,b616117e-46b3-4584-a607-2ad4ded57d78,BEV-001
1d9ba801-cb6b-4c39-8c19-5d648769e251,b69c38bc-febc-4c71-8c58-a99174214602,BEV-001
78bef9b1-081b-40f8-bbe3-11722340af19,7abb864d-6532-41ab-ad6e-3bac0cdf2d0c,BEV-001
0721eaba-b781-49db-a0f3-7bcc6fbf0198,016bb9c8-045a-4f7e-8300-7d8ac55217c8,BEV-001
e7955377-d1b2-47af-8f48-6dbf8a980705,7411a6a3-75d2-435c-b1f7-57938c3d864a,BEV-001
e1e15724-5ed5-4422-b0f9-e43657d2608a,7411a6a3-75d2-435c-b1f7-57938c3d864a,BEV-001
036fa6df-4b77-46ff-83bf-2cb7a334139f,f89ecf44-c8bb-444f-99e0-c777f29e11d5,BEV-001
7d695b55-7d23-4db2-9bd5-ab79c5e7424c,0dc4bcb2-6a8c-4371-a7b0-8754979fbba5,BEV-001
3b871d6a-b67e-4923-949a-54ee8d05227e,db6a7624-a0e1-4cf9-a9bb-d3e3f1ed6025,BEV-001
33e4a67c-0ee4-4404-95c4-5f4ba0549494,183fec7a-a7a2-4df3-80bc-dee9d665aded,BEV-001
2d4ede73-c852-461a-9bc0-3bf40364cd13,a07b5674-7c18-4eb8-aa88-eced996f75dd,BEV-001
7c136a4d-7a1c-4af7-88c2-6af4743cf2a8,5586e764-b706-4d2f-824d-0b07a06fab9c,BEV-001
7f49496d-7c39-4f05-a877-4a862e0297e3,64cf3034-7f3a-4c83-b0cc-770510591d75,BEV-001
6452438b-a5a4-4f84-b98b-058ec7709360,0c2c3259-a724-4ae6-ad1f-11e4bf2ce6f7,BEV-001
23fddebf-1c26-43b7-bd54-06f1e72bf371,d1dc5d34-80f6-42d9-a429-7e6968eb7be3,BEV-001
16f8a675-2fef-4e9f-b06b-8f0c2c3ffa14,668b1fcc-a4f5-404c-a129-853b095e971d,BEV-001
53d73d34-5e0f-4d10-99fb-3e1870d07d8b,ce1e4645-51ce-4df4-8a46-2d0f8d2d2edd,BEV-001
ca88fdd0-49f4-47e5-bd66-9330786d8a86,700b3eaf-a5fa-4dc6-a0f7-20b0d6e2931e,BEV-001
f48a6464-7688-4d25-a1a3-606abb489c42,d7e61415-7b35-464b-84e4-41a92d138932,BEV-001
5c27428e-ff0a-47a6-856d-7e8f010696e9,de26a9a7-cf97-4888-a267-a9ee1faadbdf,BEV-001
6d917178-a891-441c-a347-e556a0e2c1e1,51882d3f-b675-4373-a0c6-a056dcdaf528,BEV-001
18cc0447-e481-4f7c-b6f1-bf020c52b8fd,6fa85714-4f6c-4f4f-942b-d9d9f222acb4,BEV-001
5dfcef0e-bd41-43b9-aacd-dea3d2483128,6d216848-85b7-4fef-9f83-3e6d0ad2751c,BEV-001
4843a76c-287f-469b-aef5-1e5dc36e76b6,0d7e183f-6e08-44f8-af94-55147a90a6cc,BEV-001
dcc17792-b0ce-4c93-995d-f37b51abf0b5,0d929b80-636f-4f42-a950-fcba322b1f0f,BEV-001
f98635e4-b402-4ec5-b5b2-c7816a61a7dc,68b1bfda-f472-437f-81dc-1cf7b07dacd4,BEV-001
bf5c33cc-8f6c-4f98-956b-b3036cd1fe4a,5d3b4123-274c-4e08-bc42-eeb0632fc989,BEV-001
3532c253-5b62-4d88-ae32-2975593dbec2,bdb6da33-28af-4a4b-b18f-3e723ae441b4,BEV-001
e2b14177-dcbf-4133-b6a2-d26054090801,ced32c60-996c-4f33-a445-613bb037a8de,BEV-001
5f5430ea-553d-45bc-834f-5969432f4bdf,633314e1-9ec6-47bb-835b-cf98f5973e28,BEV-001
bb3fe727-91c0-496a-b86c-b2795e4f4828,633314e1-9ec6-47bb-835b-cf98f5973e28,BEV-001
bf660e7a-f033-49c3-b129-772f16bf3064,7322968c-f305-4695-9127-e0d14a8e170a,BEV-001
56ea7575-9cf8-4f4a-891b-676903650ef7,faa22fee-70b1-4d0d-966c-8fa14390d352,BEV-001
7dde4521-8385-40c5-9cca-15bf31b8ef80,086f04f1-bf5c-49ee-9866-1c7542a763a7,BEV-001
3c8e7591-0ed1-4d70-9e94-0e33f54fc150,b4778229-c0db-499a-a7b0-9ec939b5772f,BEV-001
d38f8e21-930c-4124-9f65-422627ed64a8,d79446aa-e7e7-454e-b3f0-dbe43ad06776,BEV-001
51186d42-7354-4b4c-a697-8ddf02718562,ad490727-18d4-4502-89bb-f061de2f5dd1,BEV-001
4ff0b89c-a5f1-4dd1-ace4-1572165fa4a6,2bef3b32-5215-4771-8850-dffbc1f325bb,BEV-001
13d060be-7c45-433d-99db-5904917a9915,2bef3b32-5215-4771-8850-dffbc1f325bb,BEV-001
6e8354ec-8af1-4d1e-b8e5-59d929e34d40,c93fb777-bde4-497d-b797-87a6ab5a1698,BEV-001
a9435ec0-b275-4949-b548-63db392e33c5,c93fb777-bde4-497d-b797-87a6ab5a1698,BEV-001
bba0a528-bad0-4bd0-9afc-102b3da85e00,c93fb777-bde4-497d-b797-87a6ab5a1698,BEV-001
a0ab3286-4112-4f7b-ad16-995d8e3ed666,889de526-9a1c-42dc-baa3-7aad3403a3c4,BEV-001
0394cba1-597f-4df0-9e1a-90aa82f031f2,d86424dc-9493-4d35-9f43-e716688d055e,BEV-001
10b221f3-8ef9-4cc1-a42d-1f5db2b28343,7f7ebee3-7526-489c-a9f2-fe66af64a1e0,BEV-001
24dfe099-d75e-4c00-b9d6-32b670696fe9,154d3e25-3ada-4335-aabb-8fedafd63fc2,BEV-001
429f3481-f3cb-4e7a-b654-53051e89aae3,b9440e83-7416-46c9-aa82-8f82e867373d,BEV-001
69db1154-41f5-4e5e-84d5-0e3122368c2f,c0bd043f-0d19-4fee-ae36-f077da10e76f,BEV-001
291a17fa-843d-4bdd-9e9e-dfbf6205e9f7,8acfd19e-e785-4e78-aca4-304c59ee57a8,BEV-001
19ea443c-29db-4857-9846-63604cff76cb,4d86903e-b50d-46e9-8ec4-a4b7ba879764,BEV-001
3fc8c1ff-9534-4bfe-92fb-ec6ac84b5cb7,4d86903e-b50d-46e9-8ec4-a4b7ba879764,BEV-001
cf451f3f-843d-4077-a5c9-896047a24822,92b0c9d4-482b-48a4-bf1f-d0bd6ec0847f,BEV-001
9dc58721-35bb-4562-89f2-13902c0398d5,c4cc960b-bf81-4a4a-abfe-3db1594f19bb,BEV-001
7a0a7122-ff93-4438-b451-7d66bcc9cedd,e34a7f83-6b01-47aa-b7e9-40e067fd47eb,BEV-001
b9fb92e0-356f-4686-9ce6-fbcd581faa5c,576a48e6-0d16-462c-9e66-6c0bec7adae4,BEV-001
4c349193-1f4c-4084-9a3b-4b214eba240f,476a910d-b9e8-4cb3-a4c6-9f9d97dbaf79,BEV-001
e8e5072b-792b-4516-8f2b-360ec626ae2b,476a910d-b9e8-4cb3-a4c6-9f9d97dbaf79,BEV-001
8e9eed14-bab0-4b12-b782-777246836b6d,521fd59f-ae2d-43a4-8848-1562282564ae,BEV-001
8e765cc9-75ea-405c-873e-fcddb3ae13ef,32924b88-d10a-40cb-beac-d7d1c2ad4430,BEV-001
08470b7f-00f0-4fc2-a6f2-a9882a3bcb15,d699a6ae-225a-4a29-a800-ee043fdbcce0,BEV-001
c5388dcc-1f80-40bc-b102-bf2eacc4caf5,b0ff7e56-1170-4271-b270-62ac0e074c27,BEV-001
5f702aac-f14c-4234-88d8-0a6b9d92abac,d57b471a-9bff-4d31-a6fc-6434456d9e79,BEV-001
4a33367b-167d-4c97-8b08-538d2e3f444c,1853e5ac-c048-44ae-a9d7-cb5b1126a771,BEV-001
620d7d46-8978-4d6d-8d65-14ca81fe1ec3,df80dc9d-1d88-43fc-a5cd-09b1ccea5d66,BEV-001
5628b17d-107f-48bc-a74c-5ba8b92982d3,69e5cfce-e26d-4d0d-a07f-c0bce5e6d293,BEV-001
b0d43cbf-ac06-4990-b977-67a28e4972f0,f98b2bf0-4732-407e-b754-777cc6a2d2a7,BEV-001
ea0cf9ca-2a35-4029-a2ce-10fab78cf80b,1ff2589f-8c3a-45f6-9f5c-a9115836a034,BEV-001
333f57be-06cd-437e-b123-f6a93708eccb,608c2de3-236f-4c2b-b7e9-1dcebadc33d7,BEV-001
85723c00-ab7e-41c1-9d9d-d18a43c72957,11accebc-7dbe-41ce-b031-30bc20a939ab,BEV-001
5d338f41-7d3f-4d6f-a981-a5d3ea47d151,fd732c08-1e94-45d5-a050-7859378cc9e8,BEV-001
b295f960-0f04-4d12-a355-bbc054e65899,c52e57ff-a6d5-4120-9b00-47d375d535cb,BEV-001
5edc9cc1-c801-480e-8d65-54895be59fa4,da54e7b3-ffaa-42c1-a1bf-4b158d064e6e,BEV-001
42f85b85-cb43-4f02-b79d-1c3d7dc154e4,fad15e9a-191b-4ef4-aec8-bbab213254fd,BEV-001
7e0322a9-9404-4fcf-bb8f-2c29c4db4c2c,f3fd71df-416b-4e15-ba7e-69a78cfa9952,BEV-001
51bae6e8-ead5-4bc8-ade6-d3b87599b879,73515026-58c5-4348-97d4-7daf30fde583,BEV-001
b43315f0-2bba-445b-b315-a0ccf49c4b22,84bd8597-3abd-45ba-acdc-cba37ece45ee,BEV-001
1625fa77-5912-4226-a5cc-7c40e23db70c,49866389-6cf7-4a65-bb0d-292a9b03eb11,BEV-001
31360728-ebfc-4844-944d-21a1aacc87fa,206cad3d-8dbe-4048-97e1-44809fd9e7f3,BEV-001
2d21178e-5c03-4112-9749-e87474d6120e,87662ffc-20f6-485c-9b1c-1929c4fbf416,BEV-001
31c2ea09-5a28-488d-9032-317176aa462c,b2db8797-facb-4d3b-bf9f-5bc606e2d0f1,BEV-001
17068396-c64d-4f08-91d5-2d7aaee3af59,b018cc08-25d2-4e0b-846c-69e461e3ec0a,BEV-001
cde56cb6-76dd-4fd3-a6a5-2aa30790d06b,80e109bf-5ee2-46e6-b1ae-ef01d096cff6,BEV-001
16f13c5b-5f86-49b1-bd5f-788b17392416,62db31a4-e762-48bc-ac96-9e41c93939c5,BEV-001
562bb5a3-6a84-42c0-9249-a2e4563d4dd1,a921a06d-bd20-45b2-929e-9b67c0824a72,BEV-001
ced07e4a-75e2-40e5-8fe5-a0d1d6ce57b6,c5dbbdb4-18d9-4992-98b2-a106925c3a87,BEV-001
0cc2621e-0bd6-46ac-92d1-e6a22cb8627b,91e5f195-0a2d-4301-bf64-e37057d9939b,BEV-001
439ac553-1ccd-4c78-8e49-afaee86f0757,57090432-7d02-4dd6-b467-8661098ba855,BEV-001
7a97d6ba-e75d-4972-8564-85840b082381,54ad415e-3ae5-4e63-8661-4751cb7f55bc,BEV-001
a8ff154d-662e-4dda-84ac-a2847471e979,a79fe485-a7a3-480f-ba1e-38cc9b4c929e,BEV-001
7a642179-ea33-4941-95bc-0d57bfcb8a44,b4ac569e-151d-4cfc-a32f-ab2a4f0d099c,BEV-001
59aa1c5f-3cc1-4887-afc1-3a8cf8501500,0d912aff-96c1-4fc5-993b-dfd02fb0c625,BEV-001
17a8e1ed-af1e-48fe-999d-467cf47775ab,242a9bf1-6dce-43ce-97a5-f8fb5493b78f,BEV-001
4438d7b3-8a6c-4594-8588-c60b8de740f1,e33d5fcc-ca1e-4f7f-b8f8-98a612470373,BEV-001
9b92e4fd-2257-489a-8705-5b6d6f026a55,bd0e6e84-22e8-44a0-b025-c7ac3afa08ac,BEV-001
b1c324e7-ccba-453a-84bf-414ef42bf002,3679204c-91eb-400a-8ec0-2996ce315e87,BEV-001
869b9d68-747b-4202-aeb6-346d68d98bc5,15c671c9-ef2b-480c-a1c1-cbd2d16e90c3,BEV-001
40b58360-0f39-4ebd-ad37-e7714758a879,8d5d37b7-9991-47da-8954-bbfa93f6de75,BEV-001
1f6f7607-44dc-4253-b5c8-111e6032617a,0464b840-65cc-4255-b14e-e674aa996d1d,BEV-001
fc473d2a-0f46-4252-955c-0f9c8c7d51bb,b8bac95c-2626-42e1-9d31-dfad3d6e0b5d,BEV-001
04de4aca-c6ed-4304-ad9f-6a397260efc2,b8bac95c-2626-42e1-9d31-dfad3d6e0b5d,BEV-001
26212466-d4dd-43cf-8f80-6ccf25aa13e1,961500bf-cc18-4b55-8053-edd5d637fea8,BEV-001
c8cbf667-d55b-4026-a898-4589ffd7d24f,ec7d259e-acb3-46ad-adcb-59dad78c91e8,BEV-001
849705e0-b4b6-4c54-9d9d-558dad0945b6,dd9f04cb-8529-47d4-adbd-56a5452bb42b,BEV-001
20a34650-c9ab-4370-b1cc-3dd5b5372875,e03755c6-53ba-48f0-afec-e528e98f68b0,BEV-001
de4cb858-8cef-4ec1-8804-46dd437d928c,5421a79c-8823-491d-9ef3-1fed6fd41fce,BEV-001
c0ac6b52-5b37-4309-972b-f88eab4ae8c6,ddc049e9-bc52-4320-a4cd-f7127563769b,BEV-001
8437d2ba-83ac-40b5-8660-c5e699b837b5,09544a74-d71e-4983-be69-bd71438fc274,BEV-001
96ccef8e-4f39-4d89-b829-55f45bf3061a,3f470fa4-023d-494b-902d-d8d3cc260269,BEV-001
c6a3f9cf-fa72-4879-b1b3-5e75029a2910,320c6cdb-8194-41b5-8008-8597d113c9dc,BEV-001
c41f7c7a-1f70-49ec-b816-16caf85a6cd0,8465c62e-1f5f-483e-9b3e-12e1d05886a1,BEV-001
01e30332-43bd-424e-9e20-c499a12df056,9a99559b-8eb1-42da-88c8-64dc5da9eeb0,BEV-001
674f3fb5-ea00-4ba3-8179-f47d7f636c66,9e19634e-b6c8-413a-97b4-187870d282fd,BEV-001
36453558-e1ff-4e0a-854b-c885acc78589,e3b5c4bf-23ef-4c2a-87b9-be74ae1dae96,BEV-001
042c7f6d-d7db-4efd-a8bd-69daef05aa93,4d0decd9-a284-4421-ade8-04c794521c4c,BEV-001
06222789-7374-4a5f-9a8f-de9627604db5,f17d8d32-722d-421d-92de-f9a723cf42c7,BEV-001
10e7e70e-d76a-496b-967c-0b3cd2a3177a,2095112e-0b58-4e12-a59d-c0174931cfa7,BEV-001
b241ff00-b293-47ac-be56-f7c6951b5bc8,16d373a7-8490-4afc-a691-fe4b29bfab69,BEV-001
d403ad3b-641b-44bc-96a5-253b62695508,be1ad90d-794a-4b42-8dba-4ee154f0ca13,BEV-001
92b31e32-5afc-4441-a7c7-6cb98ef7c57c,ce439585-7060-4c63-b0ea-306e5050925d,BEV-001
8022eccf-38c2-4eee-9d8c-5f2baa3eae6f,744572af-34f9-4c12-919d-07c7c66eb89e,BEV-001
7c865e95-0748-4c51-ace8-613b440a7feb,142141d8-c545-4695-aa3f-b092279dc9f5,BEV-001
2cf612a6-d3c0-49f8-8f34-6a69bf79eacc,d3dc9fee-880b-41ac-88ad-54af12429fd7,BEV-001
3fdf783f-bca4-4003-bf52-7c0f1c8f9c98,044a6d0d-3e56-4b63-9939-d557a5bea815,BEV-001
c03f0f5a-da67-4a27-acaf-928c11e1f451,0d239b3e-a359-4631-be11-3adcbb99bc98,BEV-001
c5dde0e9-c998-45a4-80ab-219aa2c0f6d3,9da7699e-8417-4be2-89d0-c1967d92a0f1,BEV-001
1f9ca9f4-d8ab-4fc7-8e29-03209f7c7683,dbcc0e06-2d42-446d-82fc-b8f5de86bb62,BEV-001
67ab4d35-7e6c-4828-847b-cc6f7a3d4c5b,72ffc10c-f117-48b6-9af0-ada7fd9166e7,BEV-001
8d8e1a0f-3a11-49fa-8f9a-2e6be158c4f1,be399f04-a79c-4a83-8a69-ec89eafe943e,BEV-001
3bdfd475-0ff5-43b7-b82a-7b6157ced777,be399f04-a79c-4a83-8a69-ec89eafe943e,BEV-001
3b92c659-940e-445c-841d-d61e1869c451,42babc18-2dc6-47de-b75c-d2b67f8cfb3d,BEV-001
1c6e135d-e12e-46bc-814d-9fba34f35d8b,2c24f0d9-1e03-4bc9-8a82-83f52bb659e3,BEV-001
8f7a88c1-717e-48b2-b7bb-5ca079139d22,22bf9ca1-9668-49e1-9a70-1a63d6e37340,BEV-001
803c5f21-9164-4228-be33-e3ad2ce22ce6,86f1a512-f0c5-434a-9ee1-eb34ef7d3479,BEV-001
3322fd71-70f5-4708-aecc-fde0031935b5,001d7a6e-42d3-4d64-b134-7d68ca9f0ed2,BEV-001
6905518c-c710-44e6-b971-ee3e9a4304b4,f20aef86-71b2-4021-9dfb-ea7770401e6d,BEV-001
c73d039e-bbab-4ff0-b075-2c3208cd5c86,138764da-d0e0-4c70-9f45-5be3e7276563,BEV-001
451eaa1e-fa91-4921-b9b4-bddacab4d56f,1b81833a-4c6e-4c00-884c-3a2b53d00f64,BEV-001
2d66c9d3-378c-4cff-ab24-bfe111fee439,4b5d5235-8b24-4022-8627-1176454dfbab,BEV-001
83e06a26-0f38-4c62-b705-9a2513ddb31d,f912f71b-262b-4fb1-8b86-cd32b6474e22,BEV-001
99383aea-8fe3-40f6-8c7d-93e561864eb3,b2fe6f65-ac78-4eb3-8ef0-476a30172ebf,BEV-001
582814c2-c221-4190-89fe-eb050c72015b,7090b245-bfa9-4ed4-be3a-ee20e65aec12,BEV-001
3e1f14d7-c295-4055-9932-6cb603c5c727,f8046596-d8cb-4947-b5d9-b62485524c53,BEV-001
995d3841-d473-4170-948e-d8ef5d11b5b3,ea8fc51e-c22f-4c89-a5eb-e925ad4af810,BEV-001
20841ac4-3b00-4523-9025-3d215ab9e0ce,3828d96e-c1ea-40e5-85de-2d506cd65d06,BEV-001
c8db79b0-0a64-43b1-aa46-486b88fb1bb0,17343649-4acb-440c-bfa2-70ad41fe6d23,BEV-001
3fde7bdd-026f-4b93-8ac4-a9befb60b7e1,cfb32c32-e6d8-4083-af5e-c3e960abdae9,BEV-001
ac61c902-d65a-4ce0-85f1-9e8a7be12fd6,6ca73d12-86cf-4279-92d1-df18719675cb,BEV-001
eaca375e-b492-4ae4-bba6-03d85ec02d50,8e8f539a-33c4-4792-a339-028644f42dd5,BEV-001
1c36b58f-4ba8-4255-8b38-c1c3d810877c,772a272c-4c06-4496-acf0-b0897ae14d98,BEV-001
66f4b52d-1333-4023-bab5-9eec0fa06e11,5ce2d398-c185-4e74-8740-538d46696529,BEV-001
a4598251-57f0-4acf-b660-9eb212881698,16239659-8f61-4eb2-85a5-d0b81dcbd5e5,BEV-001
5aba7b90-74c8-4b85-8d48-5025ed530d0a,cefaf6cb-ecf8-4d19-b831-90fd98cd46ef,BEV-001
2cecae57-89c6-403b-986e-b1a22846e73a,94965568-a24c-433f-8bd1-35927b70989d,BEV-001
88a0e391-d70c-4a3d-9fbf-55d623f75570,56eda2d4-8a70-4f4f-bddc-0ffb2fee5815,BEV-001
714a44bf-386d-4da2-86bc-ae8e79a16175,5f2292b5-7e74-4e67-bb04-e9144fc0b1a4,BEV-001
ff6d2fde-e0f6-4257-a493-68d380dcc3e6,5f056a2d-e917-48e6-a16d-52dcdb4ec346,BEV-001
408161f4-951e-47fa-9922-6b6ce9380eed,92332060-2192-4ae0-910a-beee3d00bb48,BEV-001
10f7bb55-6048-41bd-ad22-b07248a8426c,f41fc410-6cc7-426c-a75c-b8d69565bdb8,BEV-001
f8cd16ea-addc-4df7-9bac-71a4d23f7704,64659994-0fe6-4817-b9aa-5100d3833d2b,BEV-001
067f955a-8abb-4164-9d37-c59df276f609,6cedac81-e121-4326-b382-ed7e58591cb8,BEV-001
f7e918e0-f5d4-41e3-8dee-bca3920e0549,12381da3-a72d-4ebb-a739-30ae8834763c,BEV-001
569e1bd4-6512-42c5-9934-06ab8ad3104b,74bb387f-a022-46d8-859e-97bc12d35fea,BEV-001
f4b267c8-c632-4567-8cb3-35b7406a03e6,41ebf7ee-a7c3-445f-997a-5f650eea3eeb,BEV-001
22ebfab5-9b9e-4e1c-a9ed-7fd5a9beca29,4f352cb3-7415-4bab-b484-6cb9d224c07b,BEV-001
de8e2b53-ae8a-4367-ab31-22bb1d04458d,7bceb2de-8e60-4eef-8ff2-dce6275b8175,BEV-001
a03cfcb9-69de-41c7-8fa5-80fba8a5666d,7bceb2de-8e60-4eef-8ff2-dce6275b8175,BEV-001
8f94cda6-77b9-4f3b-80ae-1b7fcb970a7b,b582788e-c84c-406c-8dd4-5b1af431fa77,BEV-001
0088047a-dad4-4e35-ab10-aaf6cc517011,f5d6e385-cd3e-467b-85ea-03194c513b67,BEV-001
091d6142-86aa-4eba-8f05-c80c3abe6ef6,488e84d8-adbb-48b7-bbb7-59c49be0ea22,BEV-001
eca4e4a3-bbea-4454-9bca-7c05a89ba662,0268d231-f9e7-42a3-b0b7-0f63f9412ea6,BEV-001
148273f8-37a8-483d-9b18-f7f8ce91b457,e8ac7803-144c-4c35-ae3d-de5f60c6c0dd,BEV-001
3acbb4ab-3e4b-4071-bdda-4989322fc40a,349c033f-e0fc-4ad9-878d-5b65959b6cd4,BEV-001
2388fa0a-5c0a-4640-bac7-1a6da2283f2e,57465fc6-078f-4a22-bc13-8a6b3c36500c,BEV-001
2097fe10-59cd-4082-8177-009e79b32371,80573bb5-2221-4d53-80a5-09372a096657,BEV-001
0353f064-4822-4d80-b9cc-e4befb1b3971,087adc76-da04-4dd6-8f3a-62922c19d781,BEV-001
9e378921-8794-4e8f-b8d9-49724d0bcfd9,9297551e-9350-46ab-837a-9cd1fc2b1b42,BEV-001
3840b73d-dd67-4ccb-a13d-684d3babe011,95e31c10-96a1-490f-b09d-72402d321b38,BEV-001
6eae3325-e1f2-426f-bf81-f64edd5f1c7e,7e178ccb-ff15-4623-9c77-3c86bbdb9e2d,BEV-001
bae1ee3a-c031-44bf-a6bc-a836331a68af,f4c19426-6ec6-45f0-810c-0cb378099656,BEV-001
e524e973-db97-45d2-a7c0-2f53435af6d2,50e5f25e-ea50-4207-bcd3-dff52fe53344,BEV-001
1ac213d9-823d-44af-bc7f-a8919217010b,0e4b7249-c656-4257-87ef-8a8a25426257,BEV-001
a59b929f-bcaf-4467-82ba-e9b2e186368b,3c30fdbc-c3cd-4455-b0f1-733c0e269212,BEV-001
85dc6dc2-5ae4-4d5b-a409-72556567aa94,24a3fdda-a851-42ad-9ac9-449d1d248504,BEV-001
1d3cb082-6169-4511-872c-49c7ed575ec9,a5219682-dc3c-4426-8ef7-ca7da64708fb,BEV-001
ca3c4489-b86c-41e6-9c47-f3431f020a5e,16b22a71-5bad-4d61-9829-888e2f256462,BEV-001
dcce0951-4419-421a-940f-1d5854664878,35b77c7e-709c-449a-b78f-a6075aae39ed,BEV-001
09c6b6c8-ccc6-442e-9601-5915b95398c9,f2774ccf-d085-4c3d-b397-7a3b7573b031,BEV-001
8a043a97-b0c6-4838-81c4-5bfe1254804c,1ffd4138-9a35-45c8-8034-ab8c6e530227,BEV-001
f8c0b71b-b1ed-4e0c-a2fa-1d71b7773c25,46b8f14e-0ac7-461b-9aca-ab73fef4bcc6,BEV-001
e25f79b6-d548-4ae0-8e17-da6f89fd7155,46b8f14e-0ac7-461b-9aca-ab73fef4bcc6,BEV-001
4311d3ce-c6b7-4fdb-8cc9-76171f7f7f91,0b8e46a5-ad7e-403d-82c7-5e39a07ed6db,BEV-001
0cb0243f-87b2-4227-914c-4a85fdb8ac9f,88d3ed2e-0ebd-4d47-be91-c310d7b6b465,BEV-001
bb0704dd-25f9-409b-9adb-56e2abbac1f0,9625170b-7ab8-439a-9dd3-eebc2eeccb2d,BEV-001
c1b1ce12-ff89-4c3a-8d2a-0d0db9b13174,8f4d02cb-728f-417c-b5e8-2bc86c42d3d7,BEV-001
0d01c9be-9c89-4584-a48d-12648426b862,d2a41c7f-d7b1-415b-953d-390a7ddc140a,BEV-001
7bd38241-f828-4c40-9240-a11fc8f892d7,5293bc01-d57f-4c75-8607-2903c0e1e6cc,BEV-001
823444c9-d64f-4c46-a045-1a735a68c943,a6cc18d2-cb4a-4fca-a1d1-fc19124f0452,BEV-001
7c8e36c5-ba2c-4a31-b5ef-d233b0f43c47,75b81e49-a44d-4731-937e-964a955ef77c,BEV-001
cca7e61b-bf55-43d1-83ab-27b92377c630,9105ebe6-4b68-45c6-b3f7-ec2d981ce4ab,BEV-001
108fb758-33cd-4997-aa8f-aedb077d3beb,9b785c49-2b7a-4749-8b29-1f78c807f2d3,BEV-001
34795e05-2ceb-4277-8d81-aed8e2d3b9b2,6dd1d5dc-c05b-499d-a353-a61e655f7c56,BEV-001
fb966dae-ec64-446f-9a17-1ca669046a66,98aedf5a-e7d8-4e68-b5eb-ce55839c0c10,BEV-001
5ce013f7-940c-43a5-a5a2-8cb13393f7b0,98aedf5a-e7d8-4e68-b5eb-ce55839c0c10,BEV-001
11caf718-f8df-44a8-aa4e-c938433e2dad,1bc362b2-aa8e-4a6e-84e4-d30c134ee462,BEV-001
fbeadc79-1435-42ae-9a44-001c76b2e447,493b70fc-1df5-44ce-9ddc-a85ccef3cdbe,BEV-001
1d5134f8-85d7-4d08-b07a-c9559126d0b3,883250c7-5bee-4b99-94e0-1b3466910934,BEV-001
8cdd41d4-7a35-42e2-b05c-1a956444cd67,6c31477b-0ff1-4ae6-b1b2-4d5bb36b894c,BEV-001
88391330-8d33-4b82-86d3-b67cf53dea21,029d4cf4-6ddd-4c99-b6ad-8ae01048e0d6,BEV-001
2b113a53-3439-4335-a8de-b17916981eb4,04a6d115-dd88-4df6-a8b6-0e8defe85666,BEV-001
8fef3db6-c090-4794-8f58-404aa201dc2c,57271f69-4c36-4102-b604-52558fc2e21e,BEV-001
bff84418-a56d-4d8a-8477-43c48f282f99,bb5f3857-2097-4188-a9a9-ce0c0f0cff33,BEV-001
b218bf1d-d75a-4161-a652-bd5156708d71,6f831655-feba-4092-ad52-544415b60d76,BEV-001
c15cae53-41d3-420c-b692-371f68453d8a,81721826-4c42-4d85-94aa-2d2b301da7dc,BEV-001
6bffd52b-29e5-449f-9aec-ab194096aab5,d4aaf8ff-64d0-4879-b0bd-64f9689cc88d,BEV-001
d8104e61-1365-40df-8b1d-c935d6eedb3a,50824590-9c0d-43fc-8e6b-67d2624359c7,BEV-001
e8a54e44-9833-4c67-a8d7-2b415accd689,2e03bb68-4adc-4f98-89d6-261921054729,BEV-001
30f83926-c2e0-4a87-a037-fa3175cabf70,76e7a6a8-78db-4c90-b3aa-da142b33ec10,BEV-001
5a66516a-cd15-4366-ba50-c64e5e3efffa,3374664f-2c50-4573-a0c7-5c3dede7acec,BEV-001
cefda41d-fbc8-4e87-b4a7-dd614f6b8641,576a8690-864b-4e09-92b4-72ecbbd68894,BEV-001
41bae4e9-00af-4e89-acb3-a39b8690b367,318f8ff0-4dd7-4024-b954-d58c392ab726,BEV-001
a90f3872-f792-4f48-9bf0-6a04b7256af3,42e096f4-7d8d-44e7-8282-d32548205941,BEV-001
446527aa-b247-495b-a934-df2a6a494e71,e432d4dc-857f-4794-a37e-4191c6af3b22,BEV-001
e092ed56-aae7-4cdf-99e8-4e11116011c3,1e1a18b9-b92c-4f93-a297-8f331df4daee,BEV-001
b1f225d3-da1d-4d8d-9ecc-d98bfe67a76f,0a5c7484-91f7-40c3-9b55-3f16a4d28ed2,BEV-001
7fae86d9-0c13-492e-a540-68b9c6f1bf3a,ffe2c22a-b358-4118-b611-af57129e6f18,BEV-001
d20a4867-0a1f-4c58-a2cc-b21edcfab4b3,040a2a1b-e9bb-4daa-92d9-f7ba23cd0ee8,BEV-001
597e27fc-2076-42e6-a553-a738f50b8bf5,c1ec3842-7c5d-4f4b-9611-75876c2be407,BEV-001
7fda6020-27f3-48a1-9508-ac4528682118,8e217c65-52e6-449b-ae50-f261fd19f8c6,BEV-001
0d6577fc-498a-417b-986b-9f36056b05ba,53ed0390-f3fb-4739-af3b-5c4771baea75,BEV-001
993eb7f6-d584-4016-911e-ac8af662ca7a,0f2dca76-059c-46ef-a1ad-873d1cc60f10,BEV-001
4d4f0af7-85b3-437c-bdf2-26356a5e28c0,d1bb9c16-e8f7-441c-92c8-e299feb4406c,BEV-001
98b87a8d-79da-4e4a-858f-f89789f89f0f,acdd0a50-957f-42c5-97b6-5addbc164662,BEV-001
55b91483-dd1c-41b7-af3f-d971d5d197d2,fc823b5b-4f35-452d-9258-1de641cc69c5,BEV-001
04d17573-9f7c-4412-8738-f00afdca732f,d4b7e2d2-524a-4355-ae41-69b48a6bc3b1,BEV-001
79a5757a-7599-410c-8698-c7055ccdf79d,abf97dd3-f0c3-4f5e-b63e-0fee01a3145a,BEV-001
17212855-dbe8-4ac0-9411-3ae5486fcb1e,140cf635-2a9c-4abb-8df1-2ef8179c4f1c,BEV-001
27f5a30d-02a0-405a-8a1b-4266abe20ee7,971d7d2d-6af0-420c-b197-28ed53e3b18d,BEV-001
a730bdeb-b931-428f-950d-36ca80cfead5,7104d876-e16b-400d-9d5d-c65e2069bf1f,BEV-001
d40a9ae5-551f-4648-bebe-f939642c6b4f,96cf85e0-e234-4410-85ac-c35e296e325b,BEV-001
